id,domain,status,purchase_price,renewal_price,attractiveness,demand,length,registrar,created_at,expires_at,status_verified_at
911c206a-b1a2-45e2-a6f7-924b66076ba5,dateless.fitness,available,9.99,52.99,medium,low,8,name.com,,,13/08/2026 18:42
2dde8dbc-4c09-41d9-bdf2-027afbd52a45,isentropic.fitness,available,3.48,54.98,medium,low,10,namecheap,,,22/08/2026 10:44
788823f7-8ad0-436b-8d0c-4f885c5840da,abadan.fitness,available,8.99,41.99,medium,low,6,namesilo,,,16/09/2026 13:48
1a6fdaec-06dd-48fc-8f88-0a01820fb777,approaches.fitness,available,5.57,34.46,high,low,10,dynadot,,,28/09/2026 06:41
1e6a3e1d-196c-4436-a9be-477a32344cbf,abelian.fitness,available,8.99,41.99,high,low,7,namesilo,,,29/09/2026 08:39
cc7bd4d6-6b67-4b92-ae21-6390bc751ce6,trailing.fitness,available,2.79,33.32,medium,low,8,spaceship,,,29/09/2026 02:21
f5982106-e7e1-46a6-b8de-a437829a735e,felicitous.fitness,available,3.48,54.98,medium,low,10,namecheap,,,18/08/2026 00:51
f2a2f2ea-434c-4c5b-ae28-5e84b3d5f771,floral.fitness,available,3.48,54.98,high,low,6,namecheap,,,18/08/2026 08:54
7017dd65-d78a-4df7-858d-f346c877d3a5,amiens.fitness,available,8.99,41.99,medium,low,6,namesilo,,,29/09/2026 04:12
c095fe6a-bf73-48bb-be6b-87fcf45dc8e4,reminded.fitness,available,3.48,54.98,medium,low,8,namecheap,,,18/09/2026 03:00
37e54a94-ff52-47df-99f2-507537040f77,quibble.fitness,available,8.99,41.99,high,low,7,namesilo,,,23/09/2026 13:17
86f9fe38-7cbd-49de-af05-a8cbcceec6ea,ashen.fitness,available,3.48,54.98,high,low,5,namecheap,,,07/08/2026 02:09
d74a4643-0a34-430c-9fcf-5b53b2cc6c0c,rains.fitness,available,32.2,32.2,high,low,5,cloudflare,,,28/09/2026 07:33
ae060d5d-aab1-49fa-af70-487e2350b70c,aged.fitness,available,9.99,52.99,high,low,4,name.com,,,21/09/2026 22:26
abde7bfc-20cb-42a0-9892-b040e4e5e7d5,dakar.fitness,available,8.5,,high,low,5,unstoppable,,,29/09/2026 06:52
81e8471b-95c8-476d-8e3d-dfb35f5824fe,brave.fitness,resell,,,high,medium,5,"Sav.com, LLC - 44",17/12/2025 15:15,17/12/2026 15:15,26/09/2026 04:36
6ac4893a-064e-4a4b-95e4-f74fb80f1c88,louisa.fitness,available,8.99,41.99,high,low,6,namesilo,,,25/09/2026 14:44
551167bb-b3e0-4bea-bb5d-e90998d1a9ca,caper.fitness,available,8.99,41.99,high,low,5,namesilo,,,22/09/2026 06:32
67355967-e06a-44bf-8f79-0e6fee10294a,sizzling.fitness,available,3.48,54.98,high,low,8,namecheap,,,10/09/2026 09:17
1a081e20-c423-4beb-a19b-016a92410957,carpenter.fitness,available,8.99,41.99,high,low,9,namesilo,,,28/09/2026 01:36
53cc218b-d12c-4c57-bfe4-38756da421b7,faint.fitness,available,3.48,54.98,high,low,5,namecheap,,,17/08/2026 21:01
bbebd5b1-e8b5-4cb9-95ef-d32101cd382e,fitzpatrick.fitness,available,8.99,41.99,medium,low,11,namesilo,,,27/09/2026 07:56
cd9897b8-1192-4b24-9e63-c829cc36ebc5,desecrated.fitness,available,3.48,54.98,medium,low,10,namecheap,,,14/08/2026 03:18
83ac0f9d-fb13-42a3-acb9-fff56ce467e1,turnout.fitness,available,8.99,41.99,high,low,8,namesilo,,,29/09/2026 07:04
626342c5-e842-43d9-b879-11d9de286e37,loosen.fitness,available,8.99,41.99,high,low,6,namesilo,,,29/09/2026 20:44
6b2454ba-e8cf-4a0c-aa22-a95cdd49b080,alienage.fitness,available,8.99,41.99,medium,low,8,namesilo,,,18/09/2026 07:33
da9f2ffc-d765-42e3-b862-ada7b55ba125,sublingual.fitness,available,3.48,54.98,medium,low,10,namecheap,,,11/09/2026 00:14
18e08573-9267-4080-8ee6-57b5b3d09312,araceae.fitness,available,8.99,41.99,medium,low,7,namesilo,,,19/09/2026 23:36
5672553a-cf35-4c16-b148-a552643db106,cutaneal.fitness,available,9.99,52.99,medium,low,8,name.com,,,13/08/2026 12:57
91a09f07-fcd3-4a49-9add-8f490ec13277,kildare.fitness,available,32.2,32.2,medium,low,7,cloudflare,,,29/09/2026 09:36
8c4655dc-c477-4d17-a04b-e60179343f93,entertaining.fitness,available,32.2,32.2,high,low,12,cloudflare,,,28/09/2026 07:00
67a4dd38-d7f5-40f3-bbe3-bae612da2618,guayaquil.fitness,premium,78.54,78.54,medium,low,9,namesilo,,,30/09/2026 01:48
d8f8d8c2-01be-4085-88ed-45600e80cd08,oddball.fitness,available,3.48,54.98,high,low,7,namecheap,,,14/08/2026 23:25
3010d641-41f1-4f33-85a0-12d2e8631008,wolves.fitness,available,2.79,33.32,high,low,6,spaceship,,,28/09/2026 04:21
8c5241f2-2bd8-45b1-a05a-3aff423d57ed,bantu.fitness,available,3.48,54.98,medium,low,5,namecheap,,,08/08/2026 14:50
c942a873-0ea8-4851-b30f-287244ae694d,avaritia.fitness,available,8.99,41.99,medium,low,8,namesilo,,,21/09/2026 08:46
1049025c-cac5-4711-b54c-933417d18bbb,rocking.fitness,available,8.99,41.99,high,low,7,namesilo,,,28/09/2026 15:55
09d1eee4-9c4b-43e8-b47f-1ce6bed53f81,seditious.fitness,available,3.48,54.98,medium,low,9,namecheap,,,22/08/2026 01:29
66a52c80-1a9d-45b8-a1b5-deacbec22a77,steal.fitness,available,32.2,32.2,medium,low,5,cloudflare,,,29/09/2026 05:35
2914336b-15c8-42a0-939f-ba91edc4061b,unless.fitness,available,8.99,41.99,medium,low,6,namesilo,,,26/09/2026 03:05
8c1d0ad7-f827-4e62-b21d-49537da9c4df,adlumia.fitness,available,3.48,54.98,medium,low,7,namecheap,,,17/09/2026 08:37
17b00aeb-6aaa-48dc-a349-cd32411b4bdb,addled.fitness,available,3.48,54.98,medium,low,6,namecheap,,,
e6d4c8ee-bef9-4029-b0e6-aca98d2596dd,converge.fitness,available,9.99,,high,low,8,name.com,,,
eda809dd-dedc-4de3-9a0e-572ba256d320,sarcasm.fitness,available,8.99,41.99,high,low,7,namesilo,,,24/09/2026 13:16
cbd6501a-79b7-48e0-8fe7-d9e1c643fe09,sunken.fitness,available,3.48,54.98,medium,low,6,namecheap,,,13/08/2026 22:55
5879d56a-4202-4039-a4e2-659dbc111b37,unreal.fitness,available,8.99,41.99,high,low,6,namesilo,,,22/09/2026 09:00
827c214e-1172-4550-9df5-7b63f97f3fda,tautly.fitness,available,8.99,41.99,medium,low,6,namesilo,,,16/09/2026 08:09
ed359a3e-7e6b-4b91-8af9-0da91bc5086e,touchdowns.fitness,available,3.48,54.98,medium,low,10,namecheap,,,19/09/2026 23:06
3bf4e36a-f5d7-45da-a20d-3290f445719f,trainer.fitness,premium,,,high,low,7,,,,27/09/2026 13:32
8ce8a8f8-95b0-4851-8481-5add0cb1b4ca,chamomile.fitness,available,8.99,41.99,high,low,9,namesilo,,,19/09/2026 13:01
3dded721-6c07-4110-9578-a69e10604a3d,protecting.fitness,available,8.99,41.99,high,low,10,namesilo,,,27/09/2026 02:52
97c80c4f-53bd-48ee-86b3-68ed63604d3a,kin.fitness,premium,78.54,78.54,high,low,3,namesilo,,,22/08/2026 16:00
c8fe81e8-e88d-45c5-9089-f7a26f0dd4d0,others.fitness,available,8.99,41.99,high,low,6,namesilo,,,25/09/2026 16:48
2db882fd-159c-4a70-a93d-ad2bf9dc6745,catoptric.fitness,available,3.48,54.98,medium,low,9,namecheap,,,11/08/2026 22:12
cb41815f-a283-4ad0-ab6f-290774102440,gibbs.fitness,available,8.99,41.99,high,low,5,namesilo,,,25/09/2026 06:33
a794951e-5e9d-4cb1-bbfa-64e19a15e188,sighs.fitness,available,8.99,41.99,medium,low,5,namesilo,,,30/09/2026 00:18
949d859e-5c8f-4545-b779-d727566a41a4,anorexia.fitness,available,8.99,41.99,high,low,8,namesilo,,,19/09/2026 11:46
62225423-ae09-4364-aef2-53d80d9f7772,described.fitness,available,8.99,41.99,high,low,9,namesilo,,,24/09/2026 06:37
3ed44d78-3a56-4eae-993a-954193172091,quarters.fitness,available,9.99,,high,low,8,name.com,,,
34595e95-14e4-4344-a212-15b54b68aa25,parks.fitness,available,9.99,,high,low,5,name.com,,,
c802a2de-aef5-4140-a894-534429ac8743,sadly.fitness,available,3.48,54.98,medium,low,5,namecheap,,,14/09/2026 11:52
816245dd-095d-4514-a00b-b76b235c9353,camisole.fitness,available,8.99,41.99,high,low,8,namesilo,,,24/09/2026 11:52
6ba6c878-ff9f-4ac0-9e38-e26562ed45fb,readings.fitness,available,8.99,41.99,medium,low,8,namesilo,,,28/09/2026 23:42
4c8e1806-91fe-4dc8-ba76-915e797fe579,balalaika.fitness,available,8.99,41.99,medium,low,9,namesilo,,,21/09/2026 20:48
a74b6077-c84d-4082-9f22-49b30f630356,bailor.fitness,available,3.48,54.98,medium,low,6,namecheap,,,21/09/2026 19:14
702acf9c-3d08-4553-912b-92bf0c422e67,pittsburg.fitness,available,2.79,33.32,medium,low,9,spaceship,,,28/09/2026 16:44
42287695-6511-4546-8eee-1a9db5c6a798,intestine.fitness,available,8.5,,medium,low,9,unstoppable,,,29/09/2026 18:03
8f065659-8dfa-4b09-9370-c9e9af6674bf,thump.fitness,available,3.48,54.98,high,low,5,namecheap,,,11/09/2026 15:06
2b57d90d-60fd-4037-9699-3458317a1c87,cuthbert.fitness,available,32.2,32.2,medium,low,8,cloudflare,,,29/09/2026 03:58
f113a04c-b005-406a-ade5-b97782d7a3a9,unusual.fitness,available,8.99,41.99,high,low,7,namesilo,,,28/09/2026 01:29
8499d9f9-0c3e-472c-a043-7fd9ac4def69,stormy.fitness,available,9.99,52.99,medium,low,6,name.com,,,28/09/2026 01:11
7020561f-b377-4f8c-b040-1d75d26c875a,breastless.fitness,available,3.48,54.98,medium,low,10,namecheap,,,11/08/2026 03:14
b3b408e9-84bc-48ef-8158-7c3bfcc5c346,considering.fitness,available,3.48,54.98,high,low,11,namecheap,,,26/09/2026 03:06
bb57bcc3-227d-4f50-bded-d25a57622d71,baobab.fitness,available,3.48,54.98,medium,low,6,namecheap,,,17/09/2026 06:21
4728e533-1105-4850-b85e-50c3b9d775ba,proteins.fitness,available,3.48,54.98,high,low,8,namecheap,,,08/09/2026 07:13
b3e749db-464d-4bca-b412-2b84bbd86c7d,momently.fitness,available,3.48,54.98,medium,low,8,namecheap,,,15/09/2026 15:21
d63599bf-9bb7-4402-a439-7df46bbc6c90,ahab.fitness,available,3.48,54.98,medium,low,4,namecheap,,,17/09/2026 20:17
0fccb16f-f5cf-4a3f-8a38-2bc46986c37a,youngster.fitness,available,3.48,54.98,high,low,9,namecheap,,,25/08/2026 00:01
54b6bf3c-cca2-44b9-9d24-8b9eebeb499c,defending.fitness,available,3.48,54.98,high,low,9,namecheap,,,13/08/2026 23:13
d8d7b0f5-939b-4f17-8b63-3a2bd06b8c03,grayly.fitness,available,3.48,54.98,low,low,6,namecheap,,,14/09/2026 22:14
b0a623a9-5d80-42db-b5ed-65f41bb02819,cantaloup.fitness,available,8.99,41.99,high,low,9,namesilo,,,24/09/2026 12:08
af594a9c-4247-4a25-8650-c43603043cd3,snuggled.fitness,available,3.48,54.98,medium,low,8,namecheap,,,03/09/2026 15:48
bb25c42a-6cb0-48a3-985b-51828e6e1bd9,adder.fitness,available,3.48,54.98,medium,low,5,namecheap,,,17/09/2026 06:46
c761e3b0-7a70-487f-ae9b-12713e24fd00,tell.fitness,available,9.99,,high,low,4,name.com,,,
50807c72-8e29-4aaf-bfad-3513729d963a,virginia.fitness,premium,118.8,118.8,high,low,8,namesilo,,,25/09/2026 09:38
6b8d3c0e-d086-4108-abfd-4ae7f0facc4c,features.fitness,available,8.5,,medium,low,8,unstoppable,,,28/09/2026 12:52
b2b8af9a-dd31-4d16-9daa-8f6a8eac7c1f,alcaeus.fitness,available,8.99,41.99,medium,low,7,namesilo,,,18/09/2026 03:40
87bb2e5a-2165-4175-97c9-6ecbd094bc73,koch.fitness,available,8.99,41.99,high,low,4,namesilo,,,25/09/2026 08:52
7d19bd84-8d8d-418d-8ada-7885271d8c4a,sprigged.fitness,available,3.48,54.98,low,low,8,namecheap,,,10/09/2026 16:47
cca6a71a-860a-42e0-bb24-285df859e5d8,abysmal.fitness,available,3.48,54.98,medium,low,7,namecheap,,,
c0c76a97-aa34-40ef-ba36-0d6b38d53f59,huntsville.fitness,premium,38.94,38.94,high,low,10,namesilo,,,27/09/2026 04:30
e2ea73f2-4bf6-499f-b68a-e5d802e447db,hangover.fitness,available,32.2,32.2,high,low,9,cloudflare,,,30/09/2026 01:50
907bd062-f826-499b-b905-150ede9e694d,pelagic.fitness,available,3.48,54.98,high,low,7,namecheap,,,04/09/2026 00:27
31db40be-dacc-44b0-8792-5c21454047a3,nefarious.fitness,available,3.48,54.98,medium,low,9,namecheap,,,03/09/2026 14:57
146d36b9-d888-4f89-960c-f7aa08bcf994,indonesian.fitness,premium,78.54,78.54,high,low,10,namesilo,,,22/08/2026 03:20
cd72caba-6128-4d20-8b8b-e82afddcfe92,badges.fitness,available,8.5,,medium,low,6,unstoppable,,,29/09/2026 17:33
1291765f-2705-4e6d-aac1-0edaa2eac220,arch.fitness,available,8.99,41.99,high,medium,4,namesilo,,,22/09/2026 07:38
f3a5295c-0f20-4a21-b80b-22056d3d34c0,tipperary.fitness,available,8.99,41.99,high,low,9,namesilo,,,29/09/2026 09:36
968af716-d14e-485f-b487-19e48061e46d,sophistication.fitness,available,9.99,,high,low,14,name.com,,,
3952aaa1-7e16-4f10-b40c-3efba09e0c13,brochure.fitness,available,8.99,41.99,high,low,8,namesilo,,,24/09/2026 07:07
1ae6d39e-c9f6-4f44-8b10-fd8d0cc17a6a,unwise.fitness,available,3.48,54.98,medium,low,6,namecheap,,,12/09/2026 22:42
25e588d1-a476-4154-8b8b-e85a053b3d1d,agreements.fitness,available,3.48,54.98,medium,low,10,namecheap,,,17/09/2026 03:09
6891e9a3-faab-41b1-90eb-87b3c6262bd8,crustacean.fitness,available,3.48,54.98,high,low,10,namecheap,,,13/08/2026 09:19
898357fe-c9f1-4f00-bef6-9ef0dedb0c7c,demoralize.fitness,available,3.48,54.98,medium,low,10,namecheap,,,13/08/2026 02:16
d063c4ab-ede3-4175-8808-5cf8442747d5,selections.fitness,available,3.48,54.98,medium,low,10,namecheap,,,20/09/2026 10:53
d5831a4f-6903-4e0b-8b07-63b6e04fb436,endogenic.fitness,available,3.48,54.98,medium,low,9,namecheap,,,17/08/2026 01:13
b9137ef0-9da3-44d4-97ec-c8a301ebff29,ambergris.fitness,available,8.99,41.99,medium,low,9,namesilo,,,18/09/2026 16:37
76b362c5-24d5-4b7b-9ed8-c5ec0606ec7f,aphid.fitness,available,3.48,54.98,medium,low,5,namecheap,,,19/09/2026 16:56
2758c0fb-8e44-4b44-8d27-3734665a989a,motorsports.fitness,available,8.99,41.99,high,low,11,namesilo,,,17/09/2026 11:52
8c2b11dd-1cca-48e2-812a-0e1ae517a2b6,hopeful.fitness,available,8.99,41.99,high,low,7,namesilo,,,22/09/2026 09:48
1b66d40a-aa9f-4438-9a1d-cb43ac1bd477,spike.fitness,available,8.99,41.99,high,low,5,namesilo,,,19/09/2026 15:31
0a895ab5-56f2-432b-819b-02ee9ea0285f,orthoptic.fitness,available,3.48,54.98,medium,low,9,namecheap,,,04/09/2026 18:06
46991744-f3a1-450a-b082-a79f29a07219,answers.fitness,available,3.48,54.98,high,low,7,namecheap,,,25/09/2026 18:18
0c200a23-e34a-4252-b45f-8da1987b4407,submerged.fitness,available,3.48,54.98,medium,low,9,namecheap,,,10/09/2026 23:30
d9ee48d8-c9f7-4c3c-bdbd-bf9d9fab78bf,misguided.fitness,available,3.48,54.98,medium,low,9,namecheap,,,21/08/2026 18:57
8597bf93-620d-4856-9ba6-df1c4ca22cb4,andrea.fitness,available,9.99,52.99,high,low,6,name.com,,,25/09/2026 13:32
91ba4c13-7ae6-4b55-aba1-b42e0af0a168,chichi.fitness,available,3.48,54.98,high,low,6,namecheap,,,12/08/2026 04:46
7f5fab56-051a-4132-b81a-72aef04aa101,everbody.fitness,available,9.99,,medium,low,8,name.com,,,
722458d1-0c0d-4aec-ae43-9cdecdf5964b,raced.fitness,available,32.2,32.2,high,low,5,cloudflare,,,30/09/2026 00:22
bc06807d-08c4-4574-a567-fc4c003f1bcd,spongy.fitness,available,3.48,54.98,medium,low,6,namecheap,,,10/09/2026 16:24
927743f8-5bee-4586-b1e9-7a5208bc442a,metabolous.fitness,available,3.48,54.98,medium,low,10,namecheap,,,24/08/2026 21:28
1e182888-2dc2-4904-94e0-a346936c767d,daly.fitness,available,8.99,41.99,high,low,4,namesilo,,,25/09/2026 13:04
cf806a93-bc5d-46f4-9b83-c8bd72e9044c,tetrad.fitness,available,3.48,54.98,medium,low,6,namecheap,,,
d6fdf172-69c1-46ff-bef3-11e50b1182b8,plentiful.fitness,available,8.99,41.99,high,low,9,namesilo,,,27/09/2026 04:16
1bd3dfab-4803-4bc1-ac66-d8daa3e164d7,mania.fitness,available,32.2,32.2,high,low,5,cloudflare,,,29/09/2026 05:42
ef08a74d-140f-4967-81b1-554a8219c625,nist.fitness,available,8.99,41.99,high,low,4,namesilo,,,29/09/2026 19:44
a1df84b1-f744-46dc-8696-2163497fd827,acrobates.fitness,available,8.99,41.99,medium,low,9,namesilo,,,17/09/2026 03:18
6013ff41-2cee-4131-bc5b-be401085dfce,cauterize.fitness,available,3.48,54.98,high,low,9,namecheap,,,11/08/2026 14:34
b09232b5-a3f0-401e-be2d-fb4bb3048a2b,archduke.fitness,available,8.99,41.99,medium,low,8,namesilo,,,20/09/2026 01:54
87274757-b83e-46f8-bc07-13bfc8586b17,shahn.fitness,available,8.99,41.99,high,low,5,namesilo,,,23/09/2026 07:28
5a348b3b-0011-4bb6-8b71-67534b93a9db,lunchboxes.fitness,available,8.99,41.99,medium,low,10,namesilo,,,21/09/2026 09:13
6af4583d-ed67-407d-9b6d-c9ab98b66aa1,controlled.fitness,available,3.48,54.98,high,low,10,namecheap,,,23/09/2026 22:39
d531d3e6-567f-4a9a-9860-988249681e47,ballroom.fitness,available,2.79,33.32,high,low,8,spaceship,,,29/09/2026 00:49
e5a5273d-cedd-436e-951e-526ea89cc407,basset.fitness,available,8.99,41.99,medium,low,6,namesilo,,,22/09/2026 12:10
7a7cb264-bbb8-4f60-9b9b-1e5f5c1cea34,savings.fitness,available,8.5,41.99,high,low,7,unstoppable,,,28/09/2026 13:08
f41324cc-9aa3-462b-b11b-f40ce47fd8ad,flyaway.fitness,available,3.48,54.98,medium,low,7,namecheap,,,18/08/2026 08:13
92e2c1b5-426a-4ffb-9c82-3b0ef4aa1a5b,voltaic.fitness,available,3.48,54.98,medium,low,7,namecheap,,,18/08/2026 19:42
e55b870b-f954-4586-bdd6-fe86abbe6444,busy.fitness,available,8.99,41.99,high,low,4,namesilo,,,23/09/2026 12:11
29facefa-9cc3-4827-a108-440b499400e3,technological.fitness,available,8.5,,medium,low,13,unstoppable,,,29/09/2026 02:31
f463f271-5ad5-4b61-a1fa-27aef5009bcf,freelancer.fitness,available,5.66,33.47,high,low,10,porkbun,,,28/09/2026 07:52
75ff1a5f-0e4f-4650-90a9-a0ee1b8417b5,univalent.fitness,available,3.48,54.98,medium,low,9,namecheap,,,12/09/2026 14:00
c3134558-6b1b-441e-bbad-9047e129c9cf,irritate.fitness,available,2.79,33.32,medium,low,8,spaceship,,,29/09/2026 14:40
b9c3f063-76a4-45f5-91db-8a8b906c97bd,moore.fitness,available,32.2,32.2,high,low,5,cloudflare,,,27/09/2026 13:11
c05df31e-8e39-4bf7-8ead-17a91f58b35b,herald.fitness,available,8.99,41.99,high,low,6,namesilo,,,16/09/2026 22:39
2e015966-61a2-4bbe-bf18-e4b2fd17a26c,seth.fitness,available,8.99,41.99,high,low,4,namesilo,,,25/09/2026 10:39
4228df1f-aec0-4140-87ea-af083bc0b26d,toasted.fitness,available,3.48,54.98,high,low,7,namecheap,,,11/09/2026 16:35
83532bd6-1e65-45f9-a5dd-0b3c12c458c4,neilson.fitness,available,32.2,32.2,medium,low,7,cloudflare,,,29/09/2026 22:20
bcce9a15-ab64-41ea-9c5e-55e08c628d8e,numinous.fitness,available,3.48,54.98,medium,low,8,namecheap,,,03/09/2026 23:01
b14bd5fe-da0e-4a36-9c02-77f75350df5f,vitalizer.fitness,available,3.48,54.98,high,low,9,namecheap,,,19/09/2026 09:10
ce339183-f583-407d-af4e-337aec8f9310,ucla.fitness,available,3.48,54.98,high,low,4,namecheap,,,25/09/2026 15:03
3f35373c-8599-44ea-afec-72cf57d2209c,dallas.fitness,premium,128.7,128.7,high,low,6,namecheap,,,25/09/2026 04:35
b7f6e967-04c2-4e7a-90ee-fe3818ffce49,surfboard.fitness,available,9.99,,high,low,9,name.com,,,
adc52922-6fec-4e25-ae53-676721257655,lxxvii.fitness,available,3.48,54.98,medium,low,6,namecheap,,,
9b0c2f0f-093d-4e56-b581-63de04b5c4e7,classify.fitness,available,8.99,41.99,high,low,8,namesilo,,,24/09/2026 15:20
7d5a130c-b8f4-4189-8fbc-aa458147e737,jealous.fitness,available,8.99,41.99,high,low,7,namesilo,,,24/09/2026 01:04
6f8eef73-391f-4a34-83a2-9fa7643f3963,unlawful.fitness,available,3.48,54.98,medium,low,8,namecheap,,,21/08/2026 19:54
93cbde16-31f4-4dcb-8dc3-6854f15c089e,forgiving.fitness,available,8.99,41.99,high,low,9,namesilo,,,21/09/2026 14:52
8ee1d132-5ad1-483a-b219-789349e37885,organizers.fitness,available,8.99,41.99,medium,low,10,namesilo,,,28/09/2026 10:11
d9856e33-ddf7-45f1-958c-363d0899e26b,unreserved.fitness,available,3.48,54.98,medium,low,10,namecheap,,,12/09/2026 18:21
eaf41f08-b725-4e83-a134-156b23daf66c,rodent.fitness,available,5.57,34.46,medium,low,6,dynadot,,,29/09/2026 19:04
0bb0765a-ad0f-49a8-90ec-11cca7f932d7,defunct.fitness,available,3.48,54.98,medium,low,7,namecheap,,,13/08/2026 23:55
171bdb37-4f89-4231-9a3c-dd90b8572af4,skinless.fitness,available,3.48,54.98,medium,low,8,namecheap,,,10/09/2026 09:42
a64d6544-c15e-428f-8ff1-7873d7067c33,comedians.fitness,available,8.99,41.99,medium,low,9,namesilo,,,19/09/2026 23:33
eeb2f423-b7f7-4f5c-8ae0-61a4c28ef9c8,vigilance.fitness,available,8.99,41.99,high,low,9,namesilo,,,18/09/2026 05:28
f65a1dd6-6b09-4c2b-9fb6-a0ee86a00630,informative.fitness,available,9.99,,high,low,11,name.com,,,
3e650fbd-4a52-4e3f-b4e1-3f5651ac9ced,panoptic.fitness,available,3.48,54.98,medium,low,8,namecheap,,,
9af6465f-07ff-40fa-8a45-48a1668e223b,charms.fitness,available,2.79,33.32,medium,low,6,spaceship,,,29/09/2026 10:30
aab70c1b-66f2-4ca0-b582-e40c5e4d78aa,etcetera.fitness,available,3.48,54.98,high,low,8,namecheap,,,13/09/2026 19:52
aab938ce-4ef3-41a9-b7e9-6c9f0eb443e4,sail.fitness,available,3.48,54.98,high,low,4,namecheap,,,29/09/2026 12:14
9811c3dd-6627-4926-9970-8f647b86aa50,license.fitness,available,3.48,54.98,high,low,7,namecheap,,,25/09/2026 08:58
2d0f931e-6e2d-45d3-9488-bfc97c138d98,watercress.fitness,available,3.48,54.98,high,low,10,namecheap,,,13/08/2026 06:18
4e05786b-a146-4cad-a33b-2227791c3120,boney.fitness,available,3.48,54.98,medium,low,5,namecheap,,,10/08/2026 18:44
01832a68-b6e3-47a1-99c6-c3974f42f3b9,superheroes.fitness,available,8.99,41.99,high,low,11,namesilo,,,21/09/2026 05:42
ffac6196-6358-4862-ac3c-1f790999b45e,scream.fitness,available,3.48,54.98,high,low,6,namecheap,,,27/09/2026 18:35
d8004223-b55b-4866-b634-aa19ff4c7601,incoming.fitness,available,3.48,54.98,high,low,8,namecheap,,,22/08/2026 01:44
4baf53e0-df18-4865-95f7-cac9af3b4503,screech.fitness,available,3.48,54.98,high,low,7,namecheap,,,09/09/2026 23:57
990df25d-27ae-429d-8c0e-768c3b634982,monitored.fitness,available,2.79,33.32,medium,low,9,spaceship,,,29/09/2026 10:56
6bab39e1-a869-49be-95e2-87a3dad70b39,villagers.fitness,available,8.99,41.99,medium,low,9,namesilo,,,29/09/2026 05:33
2aa29343-9d99-4550-9b3b-321e927c8061,kudos.fitness,available,8.99,41.99,high,low,5,namesilo,,,29/09/2026 10:58
244a7634-e5b3-4d3a-8ec9-fe95bce9c4e5,genevieve.fitness,available,2.79,33.32,medium,low,9,spaceship,,,28/09/2026 16:45
d870075e-b9af-42a0-b497-3bd641b0067f,agreed.fitness,available,3.48,54.98,high,low,6,namecheap,,,21/09/2026 23:21
c63b487f-0cba-472b-8d37-5acc929b6be5,cecil.fitness,available,5.57,34.46,high,low,5,dynadot,,,29/09/2026 09:15
86a29702-cd09-417b-a164-a29f17e4e403,slain.fitness,available,3.48,54.98,high,low,5,namecheap,,,10/09/2026 09:53
dcd96f15-566c-4a39-9c29-615f3fc370f0,shag.fitness,available,3.48,54.98,medium,low,4,namecheap,,,18/08/2026 17:33
a60d8514-1c4b-43c5-b29e-acf8aded3257,una.fitness,premium,78.54,78.54,high,low,3,namesilo,,,29/09/2026 14:42
43276e05-bb40-4a66-a1f9-95cf508ff6b2,asymmetric.fitness,available,3.48,54.98,medium,low,10,namecheap,,,07/08/2026 10:25
ad6e42cd-e97e-4e03-8969-c6e91d770dee,refreshing.fitness,available,3.48,54.98,high,low,10,namecheap,,,11/08/2026 00:37
f47a3908-bb92-474e-813c-19d67622c771,actionable.fitness,available,3.48,54.98,high,low,10,namecheap,,,21/09/2026 16:28
23d2dde7-927f-4b7e-ac4a-a323bda7daaa,markoff.fitness,available,8.99,41.99,medium,low,7,namesilo,,,19/09/2026 04:18
50205616-9150-4c04-8aaa-966591b57b0f,inquiring.fitness,available,3.48,54.98,high,low,9,namecheap,,,22/08/2026 06:19
65fa6c35-ba37-4f11-b383-b5c99bb0b671,dataflow.fitness,available,3.48,54.98,high,low,9,namecheap,,,04/09/2026 04:48
3cf9f4e2-1b11-4e35-8661-9dcb164b0c8f,cesium.fitness,available,8.99,41.99,medium,low,6,namesilo,,,20/09/2026 23:15
b36a4e2b-32f3-4626-9a69-a38246b003b4,foreshadow.fitness,available,8.99,41.99,high,low,10,namesilo,,,21/09/2026 03:32
ae8b73e2-3194-41f5-9d7c-32a5077c871e,overnight.fitness,available,3.48,54.98,high,low,9,namecheap,,,22/09/2026 00:44
9f326454-0c85-422c-88ab-3db8d2e2126b,asocial.fitness,available,3.48,54.98,medium,low,7,namecheap,,,07/08/2026 04:36
dad88fbe-f1a7-4308-8a33-bf7c7b8546be,affixed.fitness,available,3.48,54.98,medium,low,7,namecheap,,,
657fe52d-72f7-4d8e-b1b8-d4e39e1c20d5,accipiter.fitness,available,8.99,41.99,medium,low,9,namesilo,,,16/09/2026 22:29
ba317e93-0e6c-40ca-b98f-e00ada54ec90,bratislava.fitness,available,5.57,34.46,medium,low,10,dynadot,,,28/09/2026 13:35
7f56f603-fb30-48c0-9691-5a082fe21e88,cartoons.fitness,available,2.79,33.32,medium,low,8,spaceship,,,29/09/2026 00:08
cfd72ecf-54d9-46e8-9809-0ce5c1d707b2,agaragar.fitness,available,8.99,41.99,medium,low,9,namesilo,,,17/09/2026 16:15
02ba8e16-c062-4184-85c7-c4ffe67142d1,shove.fitness,available,9.99,,high,low,5,name.com,,,
656bab41-5aec-4ba1-b02f-f5e8acbba887,travelled.fitness,available,8.99,41.99,high,low,9,namesilo,,,28/09/2026 09:32
e930c426-bc9f-4e40-9807-0da479dfac9c,scrabble.fitness,available,8.99,41.99,high,low,8,namesilo,,,24/09/2026 23:30
f641d4bd-d093-4fb9-8e52-a9d5d446b279,entangled.fitness,available,3.48,54.98,medium,low,9,namecheap,,,16/08/2026 13:26
040e35e0-31e9-4ac2-a6c7-3fe4d876e495,cap.fitness,premium,66.5,78.54,high,low,3,unstoppable,,,29/09/2026 06:43
d8e48b0b-8f56-47bc-bf4f-2d1feb96e9a1,thursday.fitness,available,9.99,,high,low,8,name.com,,,
20c879fe-3c50-4c62-8f3c-c2de008eae55,starring.fitness,available,32.2,32.2,medium,low,8,cloudflare,,,28/09/2026 22:41
ba67bb18-4e3d-4ada-b0f5-a6aee407e5b4,mature.fitness,available,3.48,54.98,high,low,6,namecheap,,,24/09/2026 19:39
9d5f64a0-06e2-4c93-bbad-20a36ae01243,tenth.fitness,available,8.99,41.99,high,low,5,namesilo,,,21/09/2026 11:17
96d68bf6-8bcc-4215-9638-6f2c7ceb696a,withal.fitness,available,3.48,54.98,medium,low,6,namecheap,,,13/09/2026 18:51
b4d03952-358b-4e7e-b8b0-90288383df8b,old.fitness,premium,118.8,118.8,high,low,3,namesilo,,,24/09/2026 15:09
cbfb33e3-df76-4de5-b7fd-555993e8a08e,koala.fitness,available,2.79,33.32,high,low,5,spaceship,,,30/09/2026 01:10
e7275318-0185-47e1-a31f-d47f48502000,route.fitness,available,8.99,41.99,high,low,5,namesilo,,,25/09/2026 07:52
1033e8cf-aee4-494e-975a-5bfafbd1f281,scheme.fitness,available,9.99,,high,low,6,name.com,,,
30d66743-3c61-40f1-a877-bdc86fa9a1bd,biz.fitness,premium,78.54,78.54,high,low,3,namesilo,,,23/09/2026 23:18
5aeac711-0aa3-435c-a87f-290e3897d2a9,detail.fitness,available,5.57,34.46,high,low,6,dynadot,,,29/09/2026 14:10
f8179b6a-9788-401d-bf4c-bfab0f7b4d54,forlorn.fitness,available,3.48,54.98,medium,low,7,namecheap,,,18/08/2026 12:02
00640b8c-70a0-4ace-9b1a-87fd51057a4b,pope.fitness,available,5.66,33.47,high,low,4,porkbun,,,28/09/2026 20:19
0247ebbf-5e57-4d90-8374-e9c9b8c9dbb2,albedo.fitness,available,3.48,54.98,high,low,6,namecheap,,,18/09/2026 02:30
34325963-f36d-4567-94c6-94a8d1a96e4a,gangling.fitness,available,3.48,54.98,medium,low,8,namecheap,,,18/08/2026 20:08
89bf2a4e-3113-4a07-9ec1-cb0e886bd91e,computerized.fitness,available,8.99,41.99,high,low,12,namesilo,,,28/09/2026 02:46
3cbf4656-ea6f-4873-a4b6-194c6e215bd3,bulla.fitness,available,8.99,41.99,medium,low,5,namesilo,,,24/09/2026 05:20
8da5c22f-04fb-4317-905d-0a6afbc5bd28,argentic.fitness,available,3.48,54.98,medium,low,8,namecheap,,,06/08/2026 18:06
02a05f7e-5fd9-4de6-a3e5-cf29662c0bc7,eastmost.fitness,available,3.48,54.98,medium,low,8,namecheap,,,14/08/2026 22:57
814849a0-9ce9-442c-9530-3b518162e4a7,parched.fitness,available,3.48,54.98,medium,low,7,namecheap,,,
4f9de1c2-8e64-446d-8a64-aa5539346e1a,demotic.fitness,available,3.48,54.98,medium,low,7,namecheap,,,14/08/2026 01:35
080a411d-55c0-45e5-ae5b-1b9f76463d31,mills.fitness,available,9.99,,high,low,5,name.com,,,
aed6c65c-a6cf-4a56-8b55-e3c3f51c436a,libraries.fitness,available,8.99,41.99,medium,low,9,namesilo,,,20/09/2026 00:02
14355316-069c-4cc8-85c6-dc26bd7188b7,unreasonable.fitness,available,8.99,41.99,high,low,12,namesilo,,,29/09/2026 08:45
1a11b8ee-47d7-4cb1-a313-a3351aa897cd,sichuan.fitness,available,8.5,,medium,low,7,unstoppable,,,28/09/2026 15:21
868d0741-1c78-4aa8-aec2-3cf43071e06b,assisting.fitness,available,5.57,34.46,high,low,9,dynadot,,,29/09/2026 14:47
64a652d6-e5e7-4597-a733-8e22685bb217,haines.fitness,available,8.99,41.99,medium,low,6,namesilo,,,28/09/2026 04:08
4c4d53cb-2cd2-4c8c-a649-54ef87e259a3,unthankful.fitness,available,3.48,54.98,medium,low,10,namecheap,,,11/09/2026 12:29
593a4078-f9ac-4fce-963d-14c4b295fc77,alehouse.fitness,available,8.99,41.99,medium,low,8,namesilo,,,18/09/2026 05:01
ef7bdde5-298b-4d14-b4ff-b89c6c5f070b,compose.fitness,available,32.2,32.2,high,low,7,cloudflare,,,28/09/2026 20:09
779d1a1a-1de2-482e-b6f6-38381c2547fa,fought.fitness,available,9.99,,medium,low,6,name.com,,,
23ff2d4c-50a5-4118-aa3e-9a624eeb70bd,ano.fitness,premium,38.94,38.94,high,low,3,namesilo,,,16/09/2026 18:45
f5c7a4fe-afa5-4a3f-9c8e-7cac02b57f09,repressed.fitness,available,3.48,54.98,medium,low,9,namecheap,,,08/09/2026 14:49
361d4d0d-7b03-4d9c-b17a-501dafe5312e,proclaimed.fitness,available,8.99,41.99,high,low,10,namesilo,,,22/09/2026 05:13
88a8b206-ddc1-4d5b-86b0-94055e38c208,petition.fitness,available,32.2,32.2,high,low,8,cloudflare,,,28/09/2026 10:38
92fa4de7-a59a-4da5-a197-0df2510702c5,slowcoach.fitness,available,3.48,54.98,medium,low,9,namecheap,,,10/09/2026 20:27
483e7a24-38a2-4f0a-b7e2-5c2e79b3855b,anaerobe.fitness,available,8.99,41.99,medium,low,8,namesilo,,,19/09/2026 01:18
6c0c7ee5-92ae-4b53-b9a0-0785da666ad5,buggy.fitness,available,3.48,54.98,high,low,5,namecheap,,,22/09/2026 08:13
0d793af9-02e3-4d60-af18-f3ee6c92d6d2,derogative.fitness,available,3.48,54.98,medium,low,10,namecheap,,,14/08/2026 03:10
4c3d90aa-e12b-46e0-8b1b-468a0d785b83,autonomy.fitness,available,8.99,41.99,high,low,8,namesilo,,,21/09/2026 07:27
35d5668d-b2a8-453e-886b-8ef0ba9805ea,flit.fitness,available,3.48,54.98,high,low,4,namecheap,,,18/08/2026 07:46
40097442-33b1-43ef-a3b7-020cbe8217e6,combining.fitness,available,2.79,33.32,high,low,9,spaceship,,,29/09/2026 18:23
c58eea71-f042-4156-b0b8-d9bf197ccfe1,pasadena.fitness,available,32.2,32.2,high,low,8,cloudflare,,,29/09/2026 19:55
4a18350b-64db-4f4e-8a89-bd9d1007edbf,igg.fitness,available,8.99,41.99,high,low,3,namesilo,,,30/09/2026 01:57
e1d93d85-5fb9-4fb6-a729-040d53eab550,unloose.fitness,available,3.48,54.98,medium,low,7,namecheap,,,18/08/2026 14:34
b083bc34-ee86-4b4f-8f64-541f11c54453,midst.fitness,available,3.48,54.98,medium,low,5,namecheap,,,11/09/2026 13:11
7efd2ea3-a275-476e-9357-4a9cc2bfafe6,belt.fitness,available,5.66,33.47,high,low,4,porkbun,,,28/09/2026 13:21
aa0dac1f-154e-420a-b382-3f516b1468fd,aired.fitness,available,3.48,54.98,high,low,5,namecheap,,,
e900cd08-d599-491c-b5b8-5d7769f412c7,hani.fitness,available,8.99,41.99,high,low,4,namesilo,,,17/09/2026 23:54
4c8ef6d4-26ae-4ec2-b9db-464f57bf7489,blunted.fitness,available,3.48,54.98,medium,low,7,namecheap,,,10/08/2026 16:17
f9c0df24-902e-4e3b-a93d-a1037760bd75,dinners.fitness,available,2.79,33.32,medium,low,7,spaceship,,,29/09/2026 05:41
67cd0577-bd74-47fd-a1e2-5fce64909303,baseborn.fitness,available,3.48,54.98,low,low,8,namecheap,,,08/08/2026 21:34
f9200269-afd3-4a5b-8492-c480b09bd640,asphodel.fitness,available,8.99,41.99,medium,low,8,namesilo,,,20/09/2026 15:08
519e77fa-43ed-46af-aca5-a23c77a474d7,debonnaire.fitness,available,9.99,52.99,medium,low,10,name.com,,,13/08/2026 20:46
edc0543a-56d3-492d-bd47-95e24effcb6d,abelia.fitness,available,8.99,41.99,medium,low,6,namesilo,,,16/09/2026 15:02
b02f8b80-b7e9-4822-ad3c-13648e33437d,pebbly.fitness,available,3.48,54.98,medium,low,6,namecheap,,,20/08/2026 18:47
a79d4548-2322-4bc6-a7ca-4519a413a5db,cathodic.fitness,available,3.48,54.98,medium,low,8,namecheap,,,11/08/2026 21:56
9ceff5ae-8c73-45c3-81a2-48d98d53dd49,could.fitness,available,9.99,,high,low,5,name.com,,,
337558fe-cc24-4f7f-bf6b-bf6ed8ae4f92,internationally.fitness,available,9.99,,medium,low,15,name.com,,,
375967b4-325a-4f91-b752-d1bd12c61b12,argil.fitness,available,8.99,41.99,medium,low,5,namesilo,,,20/09/2026 04:20
10b585bf-a23c-4503-977f-1d0df7002123,keene.fitness,available,2.79,33.32,high,low,5,spaceship,,,28/09/2026 03:36
8ed4e9d8-73c8-4389-b2a2-7b2474ce19b1,lemonlike.fitness,available,3.48,54.98,medium,low,9,namecheap,,,22/08/2026 23:27
ed3c4cc8-9240-4670-8c92-95289b07a28f,diligently.fitness,available,3.48,54.98,high,low,10,namecheap,,,14/09/2026 12:40
0332f60b-1f5f-413c-95f8-1253cd3d7cef,bema.fitness,available,8.99,41.99,high,low,4,namesilo,,,23/09/2026 07:15
77266471-9780-44d6-ac93-4b797389f533,peterson.fitness,available,8.99,41.99,high,low,8,namesilo,,,25/09/2026 17:40
b7632dfc-d258-4f11-8853-d75f501b2860,disposal.fitness,available,8.99,41.99,high,low,8,namesilo,,,17/09/2026 08:43
d23e0cd2-9747-4bad-a8c0-d05345bdb073,blithely.fitness,available,3.48,54.98,medium,low,8,namecheap,,,14/09/2026 00:31
160312df-d1e4-40c5-a1a5-bfbc0f4a2b96,proverbs.fitness,available,8.99,41.99,high,low,8,namesilo,,,24/09/2026 07:04
77428952-eae2-4ce7-bc5e-0a5afa1be439,swishy.fitness,available,3.48,54.98,medium,low,6,namecheap,,,11/09/2026 05:54
bd42137a-10b9-42b0-b2d2-de9f8a7c1174,hindsight.fitness,available,8.99,41.99,high,low,9,namesilo,,,29/09/2026 22:47
c523afd5-cb05-41d2-92d3-1b6c4afb9df1,illegalize.fitness,available,3.48,54.98,medium,low,10,namecheap,,,04/09/2026 19:26
4446bff1-cf7c-40ab-97c8-6081adab4896,dis.fitness,premium,38.94,38.94,high,low,3,namesilo,,,24/09/2026 22:25
d7a5f41d-45a5-4fce-8085-6b73fadd722c,waite.fitness,available,3.48,54.98,medium,low,5,namecheap,,,28/09/2026 19:55
efaba2ed-94df-40df-b16b-5280997e6dd8,brut.fitness,available,3.48,54.98,medium,low,4,namecheap,,,11/08/2026 07:07
a1b9de21-137f-4f0d-a704-c42131209d5e,thousands.fitness,available,8.99,41.99,medium,low,9,namesilo,,,18/09/2026 15:22
9ad3a8e4-995f-45f3-a226-60fe2ac16cc7,olin.fitness,available,32.2,32.2,medium,low,4,cloudflare,,,29/09/2026 04:10
c23e9677-6ebd-4a3a-a519-d04e1f2743d9,candidate.fitness,available,8.5,,high,low,9,unstoppable,,,29/09/2026 06:14
4784e8e1-55cb-45e6-b13a-10361d85dee3,reticular.fitness,available,3.48,54.98,medium,low,9,namecheap,,,09/09/2026 15:34
5b0379d3-3fcd-42b4-b8d0-34a06d03cf86,algology.fitness,available,8.99,41.99,medium,low,8,namesilo,,,18/09/2026 07:09
a80f75ff-2750-4328-9795-93dd4d1ba600,language.fitness,available,8.99,41.99,high,low,8,namesilo,,,25/09/2026 15:54
c346e4d9-a5ac-4526-922b-77a7737becf3,junctions.fitness,available,3.48,54.98,medium,low,9,namecheap,,,27/09/2026 03:20
d050c7d0-3b52-4589-977c-5329fbd198d5,bossy.fitness,available,3.48,54.98,medium,low,5,namecheap,,,07/08/2026 19:35
ecd86b18-53e2-4d11-bd7f-ed52b034c7bb,shameless.fitness,available,3.48,54.98,medium,low,9,namecheap,,,10/09/2026 05:53
8daf85ca-c3ea-443b-ae90-13e781147e94,machines.fitness,available,2.79,33.32,medium,low,8,spaceship,,,29/09/2026 03:31
491eea97-9112-45ed-b41d-af672d910851,mla.fitness,available,2.79,33.32,high,low,3,spaceship,,,28/09/2026 03:26
3573a4d1-1319-49d4-bbb9-00f810d42533,filipino.fitness,premium,78.54,78.54,high,low,8,namesilo,,,18/08/2026 04:19
5963083c-63fb-4a3e-98c4-49a468f9e24d,phenomenon.fitness,available,8.99,41.99,high,low,10,namesilo,,,28/09/2026 10:43
939aa086-9c73-46f9-ba8f-6125444df413,wisdom.fitness,resell,,,high,low,6,"Sav.com, LLC - 19",18/04/2026 15:15,18/04/2027 15:15,26/09/2026 10:11
7a9dfdff-02e3-4134-93e1-e8b912451416,tobin.fitness,available,8.99,41.99,high,low,5,namesilo,,,28/09/2026 06:04
67b4a5d5-f726-4ce1-84fa-699371346a78,palpably.fitness,available,3.48,54.98,medium,low,8,namecheap,,,15/09/2026 18:55
298610d9-a3b4-4579-ae82-32a9e4ed6029,lawrence.fitness,available,3.48,54.98,high,low,8,namecheap,,,25/09/2026 04:32
81c6a29e-712a-4849-ab42-85f3ae78e484,rowing.fitness,premium,,,high,low,6,,,,29/09/2026 20:14
8af3e3fc-105a-4252-b15d-69094d529918,everyplace.fitness,available,3.48,54.98,medium,low,10,namecheap,,,14/09/2026 16:38
e9def6e5-5ed0-47eb-b888-e80e2d559c43,blinded.fitness,available,3.48,54.98,medium,low,7,namecheap,,,10/08/2026 14:24
33fede18-492f-4729-8039-e6cf96ebbd48,windblown.fitness,available,3.48,54.98,medium,low,9,namecheap,,,13/09/2026 12:08
c141cd5c-e48d-4fee-a670-8a7dfe1cef25,accentor.fitness,available,8.99,41.99,medium,low,8,namesilo,,,16/09/2026 21:58
c0d88740-ffcf-4b22-9d9a-cd19202ad193,seekers.fitness,available,8.99,41.99,medium,low,7,namesilo,,,21/09/2026 07:32
cdb813ff-b109-4fd3-881a-73aaa4d01a95,weldon.fitness,available,5.66,33.47,medium,low,6,porkbun,,,28/09/2026 16:37
793d1154-e499-4081-aa3e-9110bc4c3003,aimed.fitness,available,8.99,41.99,high,low,5,namesilo,,,29/09/2026 10:43
ae00bb85-80cf-4592-a35d-457aee6e580f,accepted.fitness,available,8.99,41.99,high,low,8,namesilo,,,21/09/2026 15:25
e1134fdd-01e5-44ea-be74-538a84b34997,nightmare.fitness,available,9.99,,high,low,9,name.com,,,
846e47f7-0433-42ce-97ea-d07f54c45208,adhesive.fitness,available,3.48,54.98,high,low,8,namecheap,,,
2a6154b5-d999-4cad-a013-30dd6f5bdd09,psalms.fitness,available,8.99,41.99,high,low,6,namesilo,,,24/09/2026 07:04
163a1af1-4ed1-4b0e-9779-f6c4266a810c,operative.fitness,available,3.48,54.98,high,low,9,namecheap,,,04/09/2026 16:29
67bbf8fd-355b-41fc-9a06-e1e532e7afba,kastler.fitness,available,3.48,54.98,medium,low,7,namecheap,,,18/09/2026 06:34
ee397a4d-5980-417d-ab61-e816ea95b1f4,hemorrhage.fitness,available,3.48,54.98,high,low,10,namecheap,,,24/09/2026 05:28
cd9e49f2-a615-42b4-914a-ffb7ec783c0f,bareback.fitness,available,3.48,54.98,medium,low,8,namecheap,,,08/08/2026 18:38
c6cc7336-5a51-4bcd-8baa-741ab2500f03,pierced.fitness,available,3.48,54.98,high,low,7,namecheap,,,08/09/2026 16:50
35d9610f-85c7-42a3-a290-67feb6e13460,prosodic.fitness,available,3.48,54.98,medium,low,8,namecheap,,,09/09/2026 03:39
18a299ad-a3d1-44fa-997a-f4f63e57e78d,waterford.fitness,available,32.2,32.2,high,low,9,cloudflare,,,27/09/2026 16:17
83af3292-b5b1-4237-93a5-c0a1059b0949,electoral.fitness,available,3.48,54.98,high,low,9,namecheap,,,16/08/2026 02:37
de3bd940-2c13-412d-9b46-eda6653e7ed2,eager.fitness,available,8.99,41.99,high,low,5,namesilo,,,24/09/2026 12:48
cfcc5b21-ebde-4779-aa6d-b55cda8d3641,lxxi.fitness,available,3.48,54.98,medium,low,4,namecheap,,,
5be4e56e-7dbc-4bb3-b641-1e008e483d11,devotions.fitness,available,8.99,41.99,medium,low,9,namesilo,,,20/09/2026 02:07
2176d8e3-f377-4562-8244-1df0afbfcd70,birling.fitness,available,3.48,54.98,medium,low,7,namecheap,,,23/09/2026 20:48
9b0142eb-6389-4b08-9155-91b130646fba,anger.fitness,available,8.5,,medium,low,5,unstoppable,,,28/09/2026 21:24
d4130afa-beb4-42d6-9bdd-68a65a777eab,failed.fitness,available,9.99,,medium,low,6,name.com,,,
444251e9-47b7-4b81-9779-b11397d8f17a,pollen.fitness,available,9.99,,high,low,6,name.com,,,
1323b73b-28fe-49e2-aa8f-1d4a0b53f6c9,jumentous.fitness,available,3.48,54.98,low,low,9,namecheap,,,22/08/2026 14:21
e8159868-fa22-4fa0-83ab-a5b1a4fceea4,prostyle.fitness,available,3.48,54.98,medium,low,8,namecheap,,,09/09/2026 04:01
64f798f9-b325-4dd6-a530-8e08517def88,swerve.fitness,available,2.79,33.32,high,low,6,spaceship,,,27/09/2026 20:50
37c09a6a-8a74-4d32-87f0-d0899aa9c2fd,macrophages.fitness,available,2.79,33.32,low,low,11,spaceship,,,28/09/2026 13:24
776d3345-5e66-4fbf-b894-a669576d6147,botched.fitness,available,3.48,54.98,medium,low,7,namecheap,,,10/08/2026 20:51
8b42e673-e615-4c2d-a1d1-bd84fcc09cd9,elsass.fitness,available,8.99,41.99,medium,low,6,namesilo,,,18/09/2026 14:17
94e267b0-42a0-4a8d-b57c-7f50575739c4,attlee.fitness,available,8.99,41.99,medium,low,6,namesilo,,,16/09/2026 12:16
4b0b6b63-c78b-4e9b-8bc2-5a29c800f34f,rollicking.fitness,available,3.48,54.98,medium,low,10,namecheap,,,12/08/2026 18:08
f1fc98f6-197e-46a6-ab42-3f0ec1fffd78,wiper.fitness,available,8.99,41.99,high,low,5,namesilo,,,24/09/2026 17:39
65372d1e-0277-4c30-9bfa-0775459297d8,adrift.fitness,available,3.48,54.98,medium,low,6,namecheap,,,
22d82bee-7270-4afb-a934-5dd747ae8057,incurably.fitness,available,3.48,54.98,medium,low,9,namecheap,,,15/09/2026 07:45
e560636d-9bd2-4f51-9026-8a61b049d303,agaric.fitness,available,8.99,41.99,medium,low,6,namesilo,,,17/09/2026 16:17
27b475e9-0dd1-4d72-8a93-fe483de5f139,barbette.fitness,available,8.99,41.99,medium,low,8,namesilo,,,22/09/2026 04:54
c82163f7-12ef-4584-84cb-bfb1b56f9be3,aril.fitness,available,8.99,41.99,medium,low,4,namesilo,,,20/09/2026 05:30
448ba81b-d8b4-4e76-9fbe-998b6830beb0,koranic.fitness,available,3.48,54.98,medium,low,7,namecheap,,,22/08/2026 16:59
4708ca26-293f-4b15-b3d3-2e04180bad97,precipitous.fitness,available,9.99,,medium,low,11,name.com,,,
9b620ecc-ec67-4a1b-8b75-0482849e2761,perth.fitness,premium,78.54,78.54,high,low,5,namesilo,,,26/09/2026 00:00
029382e0-86c1-468a-979a-61662b7a7de6,santa.fitness,available,8.5,,high,low,5,unstoppable,,,29/09/2026 19:01
7ddd50d4-d02f-4d68-99c7-a4e0229d5614,settled.fitness,available,3.48,54.98,high,low,7,namecheap,,,12/08/2026 17:27
74b2c952-1c16-482e-881e-60539361e3e2,retroflex.fitness,available,3.48,54.98,medium,low,9,namecheap,,,11/08/2026 12:37
a752482f-6c5f-4b56-ad56-bda1c2b80de0,reversal.fitness,available,2.79,33.32,high,low,8,spaceship,,,29/09/2026 18:17
eebc5a4d-a907-40bc-963d-eaebdf70ef38,fosamax.fitness,available,8.99,41.99,medium,low,7,namesilo,,,18/09/2026 05:11
1e80e69f-079b-4bb3-8691-90de85ee7978,unread.fitness,available,3.48,54.98,medium,low,6,namecheap,,,12/09/2026 17:51
c5546259-f4d4-4e4a-ad88-634ca4490a65,ecologic.fitness,available,3.48,54.98,high,low,8,namecheap,,,10/08/2026 02:32
783b7931-5115-4372-8052-d10ac2df54a5,wet.fitness,premium,118.8,118.8,high,low,3,namesilo,,,22/09/2026 19:43
0e444cb2-d41f-45f7-a45f-4a541eea3941,pennyroyal.fitness,available,3.48,54.98,high,low,10,namecheap,,,18/09/2026 20:31
f25b53e1-90ba-4293-9afb-d0b4787551c7,rhiannon.fitness,available,9.99,,high,low,8,name.com,,,
45180f18-8db1-4a18-9796-c44f5203ec0c,hereby.fitness,available,3.48,54.98,medium,low,6,namecheap,,,15/09/2026 00:25
f6a19b01-cc38-48ce-9a7f-6ddaa80815c1,jared.fitness,available,8.99,41.99,high,low,5,namesilo,,,27/09/2026 11:10
0894aba5-fe7a-4ab5-ab91-7e526baf5b0d,aeriform.fitness,available,3.48,54.98,medium,low,8,namecheap,,,
ca532418-dc64-497b-8e1a-9ea5e7b1d556,kinder.fitness,available,,,high,medium,6,,,,
410125b3-79a4-499a-b2db-075d79c9de7c,assert.fitness,available,32.2,32.2,high,low,6,cloudflare,,,29/09/2026 14:01
d411fdbe-b2b6-4d72-9985-d305b0fecbd6,soup.fitness,available,9.99,,high,low,4,name.com,,,
cc293413-37ce-4e73-9e24-2001e2dde882,disharmony.fitness,available,8.99,41.99,medium,low,10,namesilo,,,24/09/2026 22:38
56a8428e-dd59-4e0c-82a0-11413f622c40,insouciant.fitness,available,3.48,54.98,medium,low,10,namecheap,,,11/08/2026 20:34
22e39841-a421-406c-a573-8607068a7634,races.fitness,available,8.99,41.99,high,low,5,namesilo,,,19/09/2026 00:33
1887878b-5156-4dcb-ab55-0ebdd5176396,deceived.fitness,available,32.2,32.2,low,low,8,cloudflare,,,29/09/2026 23:13
b4dc826b-f28b-4ff0-bde4-7ddc1288259d,sic.fitness,available,3.48,54.98,high,low,3,namecheap,,,16/09/2026 01:41
78b87880-4a31-4e00-b990-163fd4a86c5c,peeking.fitness,available,9.99,,high,low,7,name.com,,,
a177107a-49fb-474a-82ce-b86224d75283,upmarket.fitness,available,3.48,54.98,high,low,8,namecheap,,,12/09/2026 23:13
d699e561-2aa4-48cb-aed0-7d22802a4eaf,skinny.fitness,premium,118.8,118.8,high,low,6,namesilo,,,12/08/2026 04:01
0e9d8f3c-6434-4c5c-ae43-dd5379367f88,charmed.fitness,available,3.48,54.98,high,low,7,namecheap,,,09/08/2026 09:57
df790a05-eb73-40b7-9618-131118ff0922,nilotic.fitness,available,3.48,54.98,medium,low,7,namecheap,,,03/09/2026 17:26
3154a293-d2a6-458b-a64d-b5a8d7cafb0e,orbitual.fitness,available,3.48,54.98,medium,low,8,namecheap,,,04/09/2026 17:39
9e22c8d3-e91f-43e7-8318-e3a0ae981857,luteal.fitness,available,3.48,54.98,medium,low,6,namecheap,,,24/08/2026 12:07
f9fd6d7b-190e-42d8-bb96-d074b4be0655,arrives.fitness,available,8.99,41.99,medium,low,7,namesilo,,,20/09/2026 01:05
fd48bd6d-8085-410b-a35c-af47a11d18e0,lemony.fitness,available,3.48,54.98,high,low,6,namecheap,,,22/08/2026 23:24
96c580b3-38fa-4f1c-af36-ceef682092d4,recessions.fitness,available,8.99,41.99,low,low,10,namesilo,,,21/09/2026 06:29
2b551315-c320-4786-9b45-1764e5359ce8,jill.fitness,available,8.99,41.99,high,low,4,namesilo,,,25/09/2026 11:32
d32256c6-129c-44f2-b370-e683cd0d8274,implication.fitness,available,2.79,33.32,high,low,11,spaceship,,,29/09/2026 22:52
e94a7099-29b0-4739-9820-8e7c542c323a,unintended.fitness,available,3.48,54.98,medium,low,10,namecheap,,,12/09/2026 13:30
c3694433-da27-4a6a-a55c-935f202c784d,answered.fitness,available,8.99,41.99,high,low,8,namesilo,,,25/09/2026 16:54
09bd2c96-ae21-44fc-a60f-691839cb9820,nettlesome.fitness,available,3.48,54.98,medium,low,10,namecheap,,,
43e55719-7967-445f-a5c5-1d41df6e340e,kota.fitness,available,7.99,63.99,high,low,4,godaddy,,,30/09/2026 02:06
d7bee34b-3522-44e6-a04b-f53f122f8277,marta.fitness,available,8.99,41.99,high,low,5,namesilo,,,27/09/2026 17:44
f0a9b98f-833d-4c08-98fb-8cf264542b8b,flu.fitness,premium,85.8,85.8,high,low,3,namecheap,,,29/09/2026 19:35
1ebbb199-42b8-4e21-83b9-841805b2354d,modest.fitness,available,8.99,41.99,high,low,6,namesilo,,,25/09/2026 06:33
97492678-eaab-4523-b6a3-7ef40f7b8e04,hunan.fitness,available,8.99,41.99,medium,low,5,namesilo,,,28/09/2026 10:07
8fe6fe6a-bce5-423e-b28f-e1bf5d516ed6,scoffing.fitness,available,3.48,54.98,medium,low,8,namecheap,,,22/08/2026 12:43
d6214c91-d67b-4d56-a290-526e058b124d,worrisome.fitness,available,3.48,54.98,medium,low,9,namecheap,,,14/08/2026 13:21
8d7c713f-57f3-4886-83a6-532044f6a831,earnings.fitness,available,2.79,33.32,high,low,8,spaceship,,,29/09/2026 18:43
40f09fe2-0238-443a-b452-0dd9648be23c,downer.fitness,available,3.48,54.98,medium,low,6,namecheap,,,14/08/2026 02:41
56f7935e-f278-491d-947f-e12a71424d24,clump.fitness,available,3.48,54.98,high,low,5,namecheap,,,11/09/2026 15:08
590071f3-a3de-4526-ba69-69ce5dc367cd,allie.fitness,available,8.99,41.99,high,low,5,namesilo,,,17/09/2026 22:42
db165641-281e-4b68-bc60-9e72641f2b70,antioch.fitness,available,8.99,41.99,high,low,7,namesilo,,,19/09/2026 12:29
95fac62c-f0bd-4fe9-91f5-75d9ba03f5b3,fraternal.fitness,available,3.48,54.98,high,low,9,namecheap,,,10/08/2026 03:44
128cc8a2-7d88-4efa-829e-ddeeac280ee2,siberia.fitness,available,32.2,32.2,high,low,7,cloudflare,,,29/09/2026 20:20
34ec4742-6a95-4030-aa70-ce53b1b5a5dc,kirkpatrick.fitness,available,8.99,41.99,medium,low,11,namesilo,,,28/09/2026 12:22
b65bfcc3-40e9-4b9f-aa3e-7b2b14487601,stupendous.fitness,available,3.48,54.98,high,low,10,namecheap,,,12/08/2026 18:00
8bc8a502-961c-4b10-9224-8b558755072e,cashier.fitness,available,8.99,41.99,high,low,7,namesilo,,,22/09/2026 02:24
aa112e2c-8420-4d96-b6d4-f266d0101479,potatoes.fitness,available,8.99,41.99,medium,low,8,namesilo,,,27/09/2026 02:12
49774d61-3a11-4b09-a2a4-61ecad6aadb1,topping.fitness,available,3.48,54.98,high,low,7,namecheap,,,11/09/2026 17:36
dfaa5aab-aed7-46e0-bfe1-3706d666aa4f,consortium.fitness,available,8.99,41.99,high,low,10,namesilo,,,24/09/2026 17:29
eaad923f-a963-4ed6-bda5-d70ccc8d1933,amphibian.fitness,available,3.48,54.98,high,low,9,namecheap,,,
3ce7c9f2-fbab-48aa-87ef-7604770880f7,apologise.fitness,available,9.99,,high,low,9,name.com,,,
e43b9762-5f92-460f-90a5-8daba83ebc69,packages.fitness,available,9.99,52.99,medium,low,8,name.com,,,19/09/2026 00:23
42a7ed8e-777c-4d53-87e1-980743c2f8c2,magically.fitness,available,3.48,54.98,high,low,9,namecheap,,,13/09/2026 21:17
8efc0875-3224-4c00-acf4-71d7861e3bf8,hydraulic.fitness,available,3.48,54.98,high,low,9,namecheap,,,21/08/2026 16:17
3c2c498c-dc3f-443d-b49f-9611f474d17e,overeat.fitness,available,3.48,54.98,medium,low,7,namecheap,,,23/09/2026 17:26
c65e7909-3c53-4dbf-9b29-ef6b7eabb315,lutecium.fitness,available,8.99,41.99,medium,low,8,namesilo,,,20/09/2026 23:39
32b7b948-bfa5-47ca-b8f0-88ff2df5bc54,lynne.fitness,available,8.99,41.99,medium,low,5,namesilo,,,28/09/2026 08:09
28ae3888-d682-42ae-83d3-8f1c3f7fba34,august.fitness,available,8.99,41.99,high,low,6,namesilo,,,22/09/2026 12:44
583803db-4fad-488e-bbba-a72f068a0dd0,parkes.fitness,available,8.99,41.99,medium,low,6,namesilo,,,29/09/2026 22:23
34fb4688-6486-4950-99f9-dee6d77e1917,resolutely.fitness,available,3.48,54.98,medium,low,10,namecheap,,,14/09/2026 11:12
0a720d4d-ef1b-441b-be63-53f60b3176ff,athabascan.fitness,available,3.48,54.98,medium,low,10,namecheap,,,20/09/2026 20:23
c71e837b-6500-449a-84c4-316f3761d4a4,stertorous.fitness,available,3.48,54.98,low,low,10,namecheap,,,10/09/2026 20:21
3f6cb02b-10d9-4b73-beff-888afe8a76b0,clannish.fitness,available,3.48,54.98,medium,low,8,namecheap,,,12/08/2026 09:35
76102af3-b732-4aa3-b744-3e8fca74806e,illume.fitness,available,3.48,54.98,high,low,6,namecheap,,,23/08/2026 02:41
0733251d-e27d-4bdb-8c7c-c7e953932c91,amherst.fitness,available,8.99,41.99,high,low,7,namesilo,,,25/09/2026 12:38
cb6a9a62-0dff-4157-86ed-ea78daa2eba1,ninety.fitness,available,3.48,54.98,high,low,6,namecheap,,,
7382796a-7031-453d-844f-c6133ebd9446,smashed.fitness,available,3.48,54.98,medium,low,7,namecheap,,,09/08/2026 15:50
ff8573dc-3a04-4fcb-915b-17bfd9aaa59d,kassel.fitness,available,2.79,33.32,high,low,6,spaceship,,,29/09/2026 22:13
4c4a2a0d-3414-4059-bd12-59f4da7c9f93,motile.fitness,available,3.48,54.98,high,low,6,namecheap,,,25/08/2026 07:18
8fc97064-3414-4752-87e4-8e1453fbb83f,shakespeare.fitness,available,9.99,,high,low,11,name.com,,,
b7f97b30-22c4-4911-8a4b-fc59909dfcbb,surfing.fitness,premium,68.51,68.51,high,low,7,spaceship,,,29/09/2026 02:15
f53071ab-5298-4937-9245-7b53bcb66e7e,tectonic.fitness,available,3.48,54.98,high,low,8,namecheap,,,06/08/2026 15:47
b77ad006-855c-428c-9159-72e0f8cc089c,average.fitness,available,8.99,41.99,high,low,7,namesilo,,,22/09/2026 14:28
45d42ad4-34d2-4f8e-ae52-45109e7edd36,dispersal.fitness,available,8.99,41.99,high,low,9,namesilo,,,24/09/2026 22:58
8d61ccaf-e025-4576-aa0b-99d48ee19af4,commandery.fitness,available,8.5,,medium,low,10,unstoppable,,,29/09/2026 00:27
19e7da79-739d-44ab-911b-758d857a1c74,carangid.fitness,available,3.48,54.98,medium,low,8,namecheap,,,11/08/2026 18:31
2bbb9dbc-53e6-4707-bde4-20c687a2055e,avenged.fitness,available,3.48,54.98,high,low,7,namecheap,,,07/08/2026 22:35
473bf0ff-b38e-4257-a0b4-d6827716422e,ccd.fitness,available,8.99,41.99,high,low,3,namesilo,,,29/09/2026 04:56
b65cd41d-4118-49c4-aee0-ede5610dcafc,peritoneal.fitness,available,3.48,54.98,medium,low,10,namecheap,,,08/09/2026 17:25
ed5e8676-0ac8-4adf-99b8-3d76de3ec2bf,critics.fitness,available,32.2,32.2,low,low,7,cloudflare,,,28/09/2026 18:02
4555abe6-5a42-4a2c-9fff-140e06eb0fe8,dampen.fitness,available,9.99,52.99,medium,low,6,name.com,,,13/08/2026 16:53
d2c0d938-eee3-4ba4-9281-2676dc1d10f5,slippered.fitness,available,3.48,54.98,medium,low,9,namecheap,,,10/09/2026 10:59
ef7101a6-951d-4f1f-892c-627e448d9225,lowell.fitness,available,3.48,54.98,high,low,6,namecheap,,,16/09/2026 14:32
febf6ffc-e7f5-480f-92a5-38403da4ea58,kenaf.fitness,available,8.99,41.99,medium,low,5,namesilo,,,23/09/2026 16:55
e2e48c10-52c6-444d-8889-c93c4975f167,hoary.fitness,available,3.48,54.98,medium,low,5,namecheap,,,20/08/2026 19:20
c1266046-4397-40fe-aa0c-2d61e8ae7799,prc.fitness,available,8.99,41.99,high,low,3,namesilo,,,25/09/2026 22:08
8bb1a671-8d2a-48ff-b56d-75ca59865638,astounded.fitness,available,8.99,41.99,high,low,9,namesilo,,,22/09/2026 03:42
4dbd310a-ff2e-4b32-a2b3-943838bb0b16,notability.fitness,available,3.48,54.98,high,low,10,namecheap,,,03/09/2026 22:04
560b83db-a19a-4d2f-a0c9-1324de4b1a88,trackless.fitness,available,3.48,54.98,medium,low,9,namecheap,,,08/09/2026 10:29
70040158-de6a-4d96-b60e-a8b5b585b46e,undefined.fitness,available,3.48,54.98,high,low,9,namecheap,,,12/09/2026 07:13
90093bf6-f915-4ddd-af6f-bbfeb1bf732a,alejandro.fitness,available,3.48,54.98,high,low,9,namecheap,,,28/09/2026 07:52
f7bd5c5a-0b07-4a22-b5cb-80247e98ec3b,coa.fitness,available,2.79,33.32,high,low,3,spaceship,,,29/09/2026 14:33
eeaa618b-1fad-4117-ab34-5ed3758c1eed,beltway.fitness,available,8.99,41.99,high,low,7,namesilo,,,23/09/2026 07:15
7b55b55a-b87b-4d64-973b-00eaae271334,equipping.fitness,available,3.48,54.98,medium,low,9,namecheap,,,20/09/2026 07:13
586f32c9-158d-4c04-97b9-9c4c4cf69197,testicular.fitness,available,3.48,54.98,medium,low,10,namecheap,,,11/09/2026 12:06
0971d807-5841-4d48-9105-0750c0da7153,amati.fitness,available,8.99,41.99,high,low,5,namesilo,,,18/09/2026 16:09
704586f7-f49e-4102-a6d1-e33f49b84a01,macho.fitness,available,3.48,54.98,high,low,5,namecheap,,,11/08/2026 11:31
9b57c1e2-e0f3-4a41-b936-433b093a1aa1,crustal.fitness,available,3.48,54.98,medium,low,7,namecheap,,,13/08/2026 09:20
8873cd9f-5371-483b-97c7-ea1ef7d3b034,puckish.fitness,available,3.48,54.98,medium,low,7,namecheap,,,21/08/2026 22:29
0cd39662-9de2-431d-b065-9025989a605d,forehand.fitness,available,3.48,54.98,medium,low,8,namecheap,,,18/08/2026 11:38
2d190b51-d58d-40d5-ae57-114b223c22f2,discussed.fitness,available,8.99,41.99,medium,low,9,namesilo,,,27/09/2026 10:04
614d36c8-9e4c-44ec-bdf5-fb988c570732,cresson.fitness,available,3.48,54.98,medium,low,7,namecheap,,,13/08/2026 06:16
60bf1546-7bee-4fc3-8c1f-ec5f66f6a08c,pesky.fitness,available,3.48,54.98,medium,low,5,namecheap,,,
36ed23e3-d674-4531-a620-e4efdb81de67,reproductive.fitness,available,8.99,41.99,high,low,12,namesilo,,,29/09/2026 14:35
f19b36fe-887e-43f3-ae07-d6816dd48725,nighttime.fitness,available,9.99,,high,low,9,name.com,,,
2c3c7ae0-3c1c-46a2-bb9b-6a1508bc32ba,sunderland.fitness,available,8.99,41.99,high,low,10,namesilo,,,28/09/2026 03:08
41a2755b-217c-422f-91c0-d80184098f65,alarming.fitness,available,3.48,54.98,medium,low,8,namecheap,,,
27b2d702-f6b9-464b-a6dc-dcd86f35f039,saute.fitness,available,3.48,54.98,high,low,5,namecheap,,,09/09/2026 22:00
47d3a6cc-596c-439f-b672-fc16c3ed3df7,allometric.fitness,available,3.48,54.98,medium,low,10,namecheap,,,
368e0731-a913-43e2-b23d-fff6927938e0,rollercoaster.fitness,available,9.99,,high,low,14,name.com,,,
1258e9b6-37b4-439c-90c1-5ef33c766c82,supervision.fitness,available,2.79,33.32,high,low,11,spaceship,,,28/09/2026 22:58
85680ab1-bc40-4614-b005-036231eff2da,disquiet.fitness,available,3.48,54.98,high,low,8,namecheap,,,24/09/2026 22:51
7b98f03b-c5b4-4748-bf74-68a2c5fb51f4,processed.fitness,available,2.79,33.32,medium,low,9,spaceship,,,28/09/2026 08:40
21f608e5-e3b3-475a-9c16-07a75d766b6a,lust.fitness,available,9.99,,high,low,4,name.com,,,
b93a9d4c-6149-44d7-bfd8-f91441f7b94c,claus.fitness,available,8.99,41.99,medium,low,5,namesilo,,,27/09/2026 02:28
74e4029d-a7cb-444b-b8bf-417bc56f1be2,blacklist.fitness,available,8.99,41.99,high,low,9,namesilo,,,24/09/2026 00:17
958327f8-a22b-4fab-a276-7c41b441838b,crisply.fitness,available,3.48,54.98,high,low,7,namecheap,,,14/09/2026 09:37
0f2288e0-34a3-4ed2-95d7-b6ccb7ef9816,amative.fitness,available,3.48,54.98,medium,low,7,namecheap,,,
f46812bf-bc95-4783-a95e-e2303b5290bb,xoxoxo.fitness,available,9.99,,high,low,6,name.com,,,
bfbe1ac2-4f7f-488f-aa8b-899bc0f89a86,sisal.fitness,available,8.99,41.99,medium,low,5,namesilo,,,17/09/2026 16:39
b3f2efc0-699e-4d1b-b6fa-0bc91bd0b9ea,design.fitness,premium,34.36,34.36,high,medium,6,spaceship,,,28/09/2026 09:12
c8b74571-e509-4a1a-8a9a-114d3802337c,anticipate.fitness,available,9.99,,high,low,10,name.com,,,
2d14cc47-db28-49a0-bf69-59ec04d75b93,brescia.fitness,available,8.99,41.99,medium,low,7,namesilo,,,29/09/2026 06:10
83e1abfc-3607-4c14-bde8-9343a1321adf,laborer.fitness,available,2.79,33.32,high,low,7,spaceship,,,30/09/2026 01:52
937d76a4-4583-4fe1-a1c0-4a8248a0f289,seagoing.fitness,available,3.48,54.98,medium,low,8,namecheap,,,04/09/2026 00:24
9b5a987a-d7ce-4c0e-a86d-62a9c5469c65,premium.fitness,resell,,,high,medium,7,"Sav.com, LLC - 5",12/05/2026 15:15,12/05/2027 15:15,27/09/2026 05:00
534b0a14-ccda-418d-b734-7877f20bce38,snobbish.fitness,available,3.48,54.98,medium,low,8,namecheap,,,12/08/2026 11:21
242c19bd-d696-4d0d-b29c-a292c5dde02f,hutchison.fitness,available,2.79,33.32,medium,low,9,spaceship,,,28/09/2026 22:09
9186f3d1-d157-4a0c-ba34-c6bacb0afae2,justly.fitness,available,3.48,54.98,high,low,6,namecheap,,,15/09/2026 10:18
ecb13675-330b-4483-819a-ab37e8080b00,bicorn.fitness,available,3.48,54.98,medium,low,6,namecheap,,,09/08/2026 19:30
5c728ae6-90ef-4f90-8f99-c5ffb75f354b,wrist.fitness,available,8.99,41.99,high,low,5,namesilo,,,28/09/2026 22:18
61673ca1-b1a9-41bc-b3fa-92857fc15dc8,semisweet.fitness,available,3.48,54.98,medium,low,9,namecheap,,,10/09/2026 03:29
2c94b583-547f-4331-87b7-d24c4fd93bcf,father.fitness,resell,,,high,low,6,,,,29/09/2026 02:01
c63f5bf5-5e69-478c-bed5-65b5f5ff7130,stafford.fitness,available,2.79,33.32,high,low,8,spaceship,,,29/09/2026 14:53
35dd0efd-ea18-4e29-8d41-f0334b503044,coffeepots.fitness,available,8.99,41.99,medium,low,10,namesilo,,,21/09/2026 00:56
6eafaeb4-3182-49ee-a999-da9afe08c8a6,expensive.fitness,available,3.48,54.98,high,low,9,namecheap,,,17/08/2026 18:10
7c402373-226c-4edd-95ef-412c5ab4654b,jon.fitness,premium,118.8,118.8,high,low,3,namesilo,,,25/09/2026 14:02
7aee86c4-0de3-4ce9-a797-1e02bf830c72,devon.fitness,available,8.99,41.99,high,low,5,namesilo,,,25/09/2026 04:52
42a939f0-ab1f-49ce-a778-f50aef7f7224,adjacent.fitness,available,3.48,54.98,high,low,8,namecheap,,,
da75640a-8530-498a-8c91-8901d8026f00,destroyed.fitness,available,8.99,41.99,medium,low,9,namesilo,,,24/09/2026 07:01
4ac64c05-5d21-4dbc-8d84-56fefc37ef30,saves.fitness,available,5.66,33.47,medium,low,5,porkbun,,,28/09/2026 09:04
0aae9b8a-2b65-4a95-9031-5cc88d05e67b,grabs.fitness,available,5.57,34.46,medium,low,5,dynadot,,,29/09/2026 11:38
07a6c3df-cba9-4389-84a9-7d0dcedee747,landings.fitness,available,8.99,41.99,medium,low,8,namesilo,,,30/09/2026 00:42
1a211aeb-9c31-42ee-aaa1-237435f3243c,dietetic.fitness,available,3.48,54.98,high,low,8,namecheap,,,14/08/2026 06:56
5fc4c67f-3e4e-4f30-8247-8c6fcf90ceca,altruism.fitness,available,2.79,33.32,high,low,8,spaceship,,,28/09/2026 20:45
cba29e36-133b-41bc-be86-8e8d27bd1c51,parking.fitness,available,8.99,41.99,high,low,7,namesilo,,,25/09/2026 23:56
66b4abc4-cd67-4f2b-b97a-2422fbc7ce8d,gumbo.fitness,available,3.48,54.98,high,low,5,namecheap,,,16/09/2026 15:04
6d2bc921-0e1f-43f6-b6f5-00729bbeaf42,illiteracy.fitness,available,8.99,41.99,medium,low,10,namesilo,,,19/09/2026 01:54
aca9b224-0389-4853-a275-a5d9c1f41037,heightened.fitness,available,2.79,33.32,high,low,10,spaceship,,,29/09/2026 21:14
d5349496-ec05-4dc6-9486-d9c39fbf268b,lowlife.fitness,available,3.48,54.98,medium,low,7,namecheap,,,11/08/2026 09:22
f49405f8-173d-46e4-841a-a58cf76c48b3,adamance.fitness,available,8.99,41.99,medium,low,8,namesilo,,,17/09/2026 06:15
b5362d93-e449-4a34-a7b2-d720ad739fa2,griffon.fitness,available,8.99,41.99,medium,low,7,namesilo,,,23/09/2026 05:02
7a2734eb-7679-4fad-81c8-c4090c7b1b9b,kindly.fitness,available,3.48,54.98,high,low,6,namecheap,,,24/09/2026 22:41
bbc14ef3-5b33-412e-8f40-ae71bb10acea,grate.fitness,available,3.48,54.98,high,low,5,namecheap,,,20/08/2026 18:33
ba2d2afa-3231-4316-b97f-aabf8e358702,thinner.fitness,available,8.99,41.99,high,low,7,namesilo,,,29/09/2026 06:40
5a6c7ad1-a44c-4bc5-9a5c-a1809076faab,voltaire.fitness,available,8.99,41.99,high,low,8,namesilo,,,20/09/2026 08:29
7f7dbfcf-a37a-4f2b-b74e-7445d64c14cd,customer.fitness,available,8.5,,high,low,8,unstoppable,,,28/09/2026 03:45
186631ac-2bb2-4e25-8ee4-bae4742ea668,unfunded.fitness,available,3.48,54.98,medium,low,8,namecheap,,,12/09/2026 11:04
9851e9ff-592b-447a-aba5-933dc59a0017,chequered.fitness,available,3.48,54.98,medium,low,9,namecheap,,,12/08/2026 03:40
1dbaf5a6-2de4-4373-b0f2-0d47cebdcacf,agone.fitness,available,3.48,54.98,medium,low,5,namecheap,,,
8dfc55bc-fb48-4a6c-8709-78f64637022b,algin.fitness,available,8.99,41.99,medium,low,5,namesilo,,,18/09/2026 07:04
7d9c2725-1389-48fc-a7d0-67d78f54a494,neatly.fitness,available,3.48,54.98,high,low,6,namecheap,,,15/09/2026 16:16
81e2b2e0-26a2-4574-ac77-e6c990cf230d,passenger.fitness,available,3.48,54.98,high,low,9,namecheap,,,27/09/2026 04:56
b8f45533-6f6c-4ec8-b9cb-53076700146c,wolfe.fitness,available,8.99,41.99,high,low,5,namesilo,,,25/09/2026 10:55
090942fb-f2f0-4dee-8be4-082ef49a4cd6,magdalena.fitness,available,8.5,,high,low,9,unstoppable,,,28/09/2026 02:17
44252dc8-b478-4cb3-9a97-7dae4849f17b,townsend.fitness,available,8.99,41.99,high,low,8,namesilo,,,25/09/2026 06:09
6b578a51-415e-418a-b024-2745353da51e,kirk.fitness,available,9.99,52.99,high,low,4,name.com,,,25/09/2026 08:51
dd92d34e-1d9d-4110-bf0d-5cbe97d6a9d9,berceuse.fitness,available,3.48,54.98,high,low,8,namecheap,,,23/09/2026 09:10
1b22a7fa-f5b9-4a3e-ac0e-aaa05a56f4c2,resinated.fitness,available,3.48,54.98,medium,low,9,namecheap,,,09/09/2026 15:09
d03cdf49-ffa4-440d-84ac-0daed286fc8d,dudley.fitness,premium,38.94,38.94,medium,low,6,namesilo,,,28/09/2026 12:03
0e3fa2cd-19f1-4c3f-855a-52dc0b8b5bad,breaker.fitness,available,8.99,41.99,high,low,7,namesilo,,,24/09/2026 08:24
8eeea661-9ce3-49ce-87d4-4e34c48bd959,contradiction.fitness,available,5.66,33.47,medium,low,13,porkbun,,,29/09/2026 15:55
934fc172-73b2-499d-8e82-2b23ada7d1b7,arietta.fitness,available,8.99,41.99,medium,low,7,namesilo,,,20/09/2026 05:25
0abec0c9-8490-4ed9-b518-8eaa6e562879,desolate.fitness,available,3.48,54.98,medium,low,8,namecheap,,,08/08/2026 21:07
043397e0-58c0-4b35-b55d-de0f943c42fa,came.fitness,available,9.99,,high,low,4,name.com,,,
16d9fd54-4925-481f-96f0-1713f58e0de1,symmetric.fitness,available,3.48,54.98,high,low,9,namecheap,,,11/09/2026 06:03
b13c6faa-be5e-4812-b8c4-90dd15f0d4ae,expects.fitness,available,8.99,41.99,medium,low,7,namesilo,,,20/09/2026 01:39
2f0fd464-29fe-4063-b0c5-6dbbb500020e,textbook.fitness,available,8.99,41.99,high,low,8,namesilo,,,23/09/2026 13:09
b1b4b1b5-d73c-471b-8a11-0a70cf95a393,marbled.fitness,available,3.48,54.98,medium,low,7,namecheap,,,24/08/2026 15:47
62812fa2-88b2-4ae6-947c-2a13fc220929,skills.fitness,available,3.48,54.98,high,medium,6,namecheap,,,17/09/2026 12:40
45689b19-12f5-49af-980f-4de6c843e3c2,winston.fitness,available,8.99,41.99,high,low,7,namesilo,,,25/09/2026 14:24
53794db7-50a3-428b-8243-a3e9c4f90274,unmade.fitness,available,3.48,54.98,medium,low,6,namecheap,,,12/09/2026 15:15
9910dd01-7cd4-4748-a61e-f3b0a8eeea79,grubby.fitness,available,3.48,54.98,medium,low,6,namecheap,,,09/08/2026 09:31
df8c276d-66dc-46fe-bee5-553a2e8fd9f3,atavist.fitness,available,3.48,54.98,medium,low,7,namecheap,,,11/09/2026 14:58
e878e670-cc42-4df4-b28b-89b5bdf655eb,stoolie.fitness,available,3.48,54.98,medium,low,7,namecheap,,,11/08/2026 16:46
ecc3625c-5ffb-4707-9ea2-f00ce31a0ae7,earrings.fitness,available,8.99,41.99,medium,low,8,namesilo,,,30/09/2026 00:39
3efaadd6-1694-4991-a0df-41e3c4e201c3,acarpelous.fitness,available,3.48,54.98,medium,low,10,namecheap,,,
941d733e-b4f8-4aec-b524-95b207e24e67,bean.fitness,available,2.79,33.32,high,low,4,spaceship,,,29/09/2026 01:40
d439a5b5-312d-4359-8f2f-c5135c31c3f0,classy.fitness,available,3.48,54.98,high,low,6,namecheap,,,12/08/2026 09:52
82a7f199-f76c-442b-bcdd-90c99331401e,buffet.fitness,available,8.99,41.99,high,low,6,namesilo,,,19/09/2026 17:05
1d7937fb-27e7-44e4-acce-39452bbe4b28,integration.fitness,available,8.99,41.99,high,low,11,namesilo,,,29/09/2026 23:22
04b161f0-be01-48fe-9fd8-b94ba8817520,caesium.fitness,available,8.99,41.99,high,low,7,namesilo,,,20/09/2026 23:16
70f1ffcc-cb0a-48bf-b458-c4068ddc2b4e,producers.fitness,available,8.99,41.99,medium,low,9,namesilo,,,28/09/2026 23:09
fb3ed43e-c29b-4154-a5bc-6e16a0440432,clarion.fitness,available,3.48,54.98,high,low,7,namecheap,,,12/08/2026 09:38
2e9a7411-9b25-43d7-8393-054dd614bc2a,cookie.fitness,available,2.79,33.32,high,low,6,spaceship,,,29/09/2026 11:31
36cc3cfc-cf7d-43bf-8ff1-7a035f5bec4e,glossary.fitness,available,8.5,,high,low,8,unstoppable,,,29/09/2026 20:53
ae0a58c2-6a71-40c0-a714-f2531eae840d,ants.fitness,available,8.99,41.99,high,low,4,namesilo,,,28/09/2026 00:08
16efb205-2398-492d-8e7a-93d82149b3a3,basely.fitness,available,3.48,54.98,medium,low,6,namecheap,,,13/09/2026 23:35
aa4f0291-091e-4a48-88c8-63a4e9bc2c71,expository.fitness,available,3.48,54.98,medium,low,10,namecheap,,,17/08/2026 18:39
26ba73ad-1903-4358-bd60-06d9a04d781c,smitten.fitness,available,3.48,54.98,high,low,7,namecheap,,,16/08/2026 21:16
9aeca1e3-3832-4db2-981c-6f1caf49165c,whispers.fitness,available,8.5,,medium,low,8,unstoppable,,,29/09/2026 17:25
a7d24011-5add-450b-be85-698488d129d1,cdp.fitness,available,8.99,41.99,high,low,3,namesilo,,,28/09/2026 03:37
3702029c-3480-4540-a8dd-f0dae4f68ba7,cultured.fitness,available,3.48,54.98,high,low,8,namecheap,,,08/09/2026 09:18
42882e32-0b99-4605-b21a-0dbf58ccf510,disclose.fitness,available,8.99,41.99,high,low,8,namesilo,,,29/09/2026 20:42
93c79392-6999-4f63-9aac-8db7d2802897,degrees.fitness,available,8.99,41.99,medium,low,7,namesilo,,,25/09/2026 17:04
77566d09-51d9-40b0-bff2-7c6fedaa24f5,negotiated.fitness,available,2.79,33.32,medium,low,10,spaceship,,,29/09/2026 23:38
2e920041-2959-476f-b49e-4677d39f21d1,gage.fitness,available,3.48,54.98,high,low,4,namecheap,,,18/08/2026 19:51
eb7092c6-e55c-4b2c-ba16-f7781ff861a3,encouragement.fitness,available,32.2,32.2,high,low,13,cloudflare,,,28/09/2026 22:35
62099e08-484b-4270-a21c-f51bc307984e,abradant.fitness,available,3.48,54.98,medium,low,8,namecheap,,,
060b6074-3359-4a68-8296-7c1cf63a815f,antarctic.fitness,available,3.48,54.98,high,low,9,namecheap,,,
c066d001-0350-412e-ab94-bfc5e8dde682,talks.fitness,available,9.99,,high,low,5,name.com,,,
68dd601f-44ef-4e9b-b13b-4c740684632d,arbovirus.fitness,available,8.99,41.99,medium,low,9,namesilo,,,20/09/2026 00:52
d74df03f-a17a-4651-9d24-1d4ede6047bf,colder.fitness,available,8.99,41.99,low,low,6,namesilo,,,29/09/2026 10:18
5dfb46bf-afd4-4155-a15c-9a385d581ee6,green.fitness,resell,,,high,medium,5,"GoDaddy.com, LLC",27/03/2016 21:53,27/03/2027 21:53,28/09/2026 05:31
6c0feebc-c58d-474a-bb7c-a6170a9bf148,airplanes.fitness,available,8.99,41.99,medium,low,9,namesilo,,,28/09/2026 22:55
5e14c297-7d9c-45ac-b668-130bc5254ddd,dryers.fitness,available,8.99,41.99,medium,low,6,namesilo,,,21/09/2026 07:40
6d5f5b7d-a1ec-498b-9487-2fe320e6c6d4,builder.fitness,available,8.99,41.99,high,low,7,namesilo,,,29/09/2026 05:12
dadae9c3-9f15-43cc-85d7-b310f10e5cb1,bardic.fitness,available,3.48,54.98,medium,low,6,namecheap,,,08/08/2026 18:00
a9a39b99-12bc-41d8-aa93-7c627f260d6c,jocular.fitness,available,3.48,54.98,high,low,7,namecheap,,,22/08/2026 12:57
d069b75c-5ad0-4522-8eb5-ce3be2b38f69,semitic.fitness,available,3.48,54.98,medium,low,7,namecheap,,,10/09/2026 03:32
5850976c-0eff-46e4-80cd-33f601b5767b,subway.fitness,available,8.99,41.99,high,low,6,namesilo,,,25/09/2026 23:41
11a8e4d0-337c-4ddb-a3a8-900ae18d380e,secretive.fitness,available,3.48,54.98,medium,low,9,namecheap,,,12/08/2026 12:18
c102a9af-a105-4ca7-892a-8f16fd124e9c,dominion.fitness,available,8.99,41.99,high,low,8,namesilo,,,24/09/2026 23:09
8b6e84b9-75c2-4e99-8a56-7dd4f9eb44e2,apologized.fitness,available,2.79,33.32,low,low,10,spaceship,,,29/09/2026 05:55
fa0ff3fb-26e9-47b8-bba2-cb4738f179f1,poetical.fitness,available,3.48,54.98,high,low,8,namecheap,,,08/09/2026 22:34
99df072b-8f04-4346-8929-6da490fe2f9b,quiet.fitness,available,8.99,41.99,high,low,5,namesilo,,,25/09/2026 03:00
f7c36592-84eb-4e73-b30c-fcce8b67266c,allegation.fitness,available,3.48,54.98,high,low,10,namecheap,,,18/09/2026 10:09
80f1f0b0-8fc3-4a07-bbf4-5831cb163516,tertiary.fitness,available,3.48,54.98,medium,low,8,namecheap,,,
88b82f1d-d34e-4bd0-9249-1b76bea1aa49,assemble.fitness,available,2.79,33.32,high,low,8,spaceship,,,28/09/2026 09:53
3c2a955b-665f-4d5f-bc9b-d2ee50b3f328,consist.fitness,available,9.99,,high,low,7,name.com,,,
72d78ada-5aa0-4851-9a13-6badee27cb16,streamer.fitness,available,3.48,54.98,high,low,8,namecheap,,,08/08/2026 13:57
e1ec9b23-978e-429d-8422-af141647bcd0,hiatus.fitness,available,8.99,41.99,high,low,6,namesilo,,,16/09/2026 14:09
2410fa04-6e3f-4d02-915f-e65a69601787,tamar.fitness,available,2.79,33.32,high,low,5,spaceship,,,29/09/2026 15:34
b39ecac1-82fc-4244-ae6f-012ac6bcd029,caen.fitness,available,8.99,41.99,medium,low,4,namesilo,,,29/09/2026 09:32
8339c27d-02f6-410f-a907-2b549f2db51a,dealership.fitness,available,2.79,33.32,high,low,10,spaceship,,,29/09/2026 06:18
0d9b0b55-36ce-476e-9df4-2055aa7ccd38,istanbul.fitness,premium,78.54,78.54,high,low,8,namesilo,,,24/09/2026 17:33
8f261d17-119f-428c-985c-61d552664f76,revenue.fitness,available,9.99,,high,low,7,name.com,,,
ed39a77b-3704-4366-9e72-7ed4df024d20,lecture.fitness,available,9.99,,high,low,7,name.com,,,
dd7f2dc3-fbad-412c-8f7c-3928b28f72e8,foolish.fitness,available,8.99,41.99,high,low,7,namesilo,,,24/09/2026 11:44
af1a8aba-2b2c-46f9-8150-90ea00f70a49,ararat.fitness,available,8.99,41.99,medium,low,6,namesilo,,,20/09/2026 00:11
fcd924c7-7dd3-45ac-aa8e-f845a6b3b1c0,hundredth.fitness,available,3.48,54.98,high,low,9,namecheap,,,
4379da17-8c6d-44e4-b320-89f68c5022d4,expertise.fitness,available,2.79,33.32,high,low,9,spaceship,,,29/09/2026 18:40
1a7a68f9-a356-4082-afae-7ee8e79d7daa,consensual.fitness,available,3.48,54.98,high,low,10,namecheap,,,12/08/2026 22:31
87f0b787-8137-431f-aa66-7954cf19aea1,barnes.fitness,available,3.48,54.98,high,low,6,namecheap,,,25/09/2026 21:08
1ed0481a-84d4-4ea0-8a8a-1d2e98f887e3,broadwise.fitness,available,3.48,54.98,medium,low,9,namecheap,,,14/09/2026 01:26
470b3256-ded9-40b3-9098-796d84ca929a,assayer.fitness,available,3.48,54.98,medium,low,7,namecheap,,,20/09/2026 15:59
71229e3a-7a09-473f-81eb-6a302725e939,lacerate.fitness,available,3.48,54.98,medium,low,8,namecheap,,,22/08/2026 17:51
86a531d4-6f78-415a-8b1c-3a23a992aeb6,antifungal.fitness,available,3.48,54.98,medium,low,10,namecheap,,,
4614140c-d332-4098-a5c3-eb7255b82985,miscreant.fitness,available,3.48,54.98,medium,low,9,namecheap,,,09/09/2026 14:38
5c19ad5c-07df-4e94-8bad-74a0c5fd5008,contention.fitness,available,8.99,41.99,medium,low,10,namesilo,,,20/09/2026 04:48
1de53161-a65c-4f79-a19b-ab08a890c980,daryl.fitness,available,8.5,,medium,low,5,unstoppable,,,29/09/2026 04:03
7a981284-4931-4ad3-86cb-dac29a36fdc1,challenging.fitness,available,9.99,,high,low,11,name.com,,,
032bd461-5fdd-4def-a06a-a0200c72ea06,client.fitness,available,8.99,41.99,high,low,6,namesilo,,,19/09/2026 04:09
3702eaab-1cef-43b6-9d09-e6c562331fe6,omega.fitness,available,,,high,high,5,,,,
42a42049-73ae-4db9-a8ea-e29b3ad47e1d,blazonry.fitness,available,3.48,54.98,medium,low,8,namecheap,,,24/09/2026 05:06
fbaeffaa-f993-435b-911e-a3041519291c,ledge.fitness,available,3.48,54.98,high,low,5,namecheap,,,29/09/2026 01:33
940d72ff-35bc-491a-8c89-210e1c727a6d,sciences.fitness,available,3.48,54.98,medium,low,8,namecheap,,,28/09/2026 07:41
6450bcfc-39e7-4c78-b3dd-e70ccd12bfbb,foiling.fitness,available,3.48,54.98,medium,low,7,namecheap,,,11/09/2026 15:16
6f91b86f-c343-45ff-a752-c8eb78990575,expulsion.fitness,available,8.5,,high,low,9,unstoppable,,,30/09/2026 01:29
426461c8-d4a9-438f-81ce-572921795725,unfirm.fitness,available,3.48,54.98,low,low,6,namecheap,,,12/09/2026 10:19
182f0601-ced7-4028-bd40-a7793312f314,moistly.fitness,available,3.48,54.98,low,low,7,namecheap,,,14/09/2026 10:31
ad50c23f-43b8-4d9a-9cbf-5d0e8c38ce72,juxtaposed.fitness,available,3.48,54.98,medium,low,10,namecheap,,,22/08/2026 15:00
9d162e33-a01a-422e-827c-e099ee39de44,reportable.fitness,available,3.48,54.98,medium,low,10,namecheap,,,09/09/2026 14:36
60c81096-2cba-474f-883d-4a09c1cc1e03,lent.fitness,available,8.99,41.99,high,low,4,namesilo,,,28/09/2026 14:42
d9d9bfdf-2e2f-48b8-8d7f-7bcab91058a4,diaper.fitness,available,3.48,54.98,high,low,6,namecheap,,,03/09/2026 13:09
ec4626a8-f1ae-4242-b14f-947880643341,tubed.fitness,available,3.48,54.98,medium,low,5,namecheap,,,11/09/2026 20:56
67f901e7-9fb7-41ec-b47b-890a21138664,fluently.fitness,available,3.48,54.98,high,low,8,namecheap,,,14/09/2026 19:08
b69ce7ec-4536-4c14-a792-e5b8c94539e6,gasoline.fitness,available,5.66,33.47,high,low,8,porkbun,,,27/09/2026 13:38
74e45b95-1a2e-4074-998c-dc68ce86481a,miner.fitness,available,8.99,41.99,high,low,5,namesilo,,,29/09/2026 19:40
198519cd-7498-43b3-8fd8-756d63cc22a8,accused.fitness,available,8.5,,medium,low,7,unstoppable,,,28/09/2026 17:31
7ccbdf89-7687-40d3-be57-f23605d31357,stained.fitness,available,3.48,54.98,medium,low,7,namecheap,,,10/09/2026 18:14
6f02bbb4-08ee-476d-bde9-8b4dab46ea9e,downstream.fitness,available,3.48,54.98,high,low,10,namecheap,,,14/08/2026 17:59
17b4547c-58ef-41f2-a374-f9f280eb564b,torment.fitness,available,3.48,54.98,medium,low,7,namecheap,,,14/08/2026 21:14
5700286a-f6c6-4710-a340-29a9bc03760a,cameron.fitness,available,3.48,54.98,high,low,7,namecheap,,,25/09/2026 21:03
01e7dbc0-3bfb-4916-8668-c16ac8bc877f,pickett.fitness,available,5.57,34.46,medium,low,7,dynadot,,,28/09/2026 14:18
1350c728-f82c-4f0f-b344-16fd8a1a88b0,affinal.fitness,available,3.48,54.98,medium,low,7,namecheap,,,
1a0f5106-4107-44d6-af73-1c7778e7de0f,jul.fitness,premium,,,medium,low,3,,,,28/09/2026 21:44
be73f78b-b371-4dbb-beb8-8dd5daf2ebb5,timing.fitness,available,8.99,41.99,high,low,6,namesilo,,,27/09/2026 05:40
3753c482-0b55-4d0b-8f01-b731e582457b,eugenic.fitness,available,3.48,54.98,medium,low,7,namecheap,,,17/08/2026 14:11
c339bf9a-dbd8-4396-af1b-cb4acbc566e3,plotting.fitness,available,8.99,41.99,medium,low,8,namesilo,,,29/09/2026 05:11
e052a452-1fa2-4cf4-af03-c26d1346ca76,organised.fitness,available,3.48,54.98,high,low,9,namecheap,,,26/09/2026 00:28
82ed1e3d-534c-4c08-bb52-a83a2ea5a22e,tottenham.fitness,available,5.66,33.47,medium,low,9,porkbun,,,29/09/2026 22:19
c4983c14-ada6-45ed-89f7-c1f350db1576,horseshoe.fitness,available,2.79,33.32,high,low,9,spaceship,,,29/09/2026 19:10
e8f20b68-c49d-43a9-865c-b84b250db7f3,harmony.fitness,resell,,,high,medium,7,"Sav.com, LLC - 9",12/05/2026 15:15,12/05/2027 15:15,29/09/2026 10:31
e0f430a9-f2bf-4e9f-819b-5466c513cc20,rough.fitness,available,3.48,54.98,high,low,5,namecheap,,,06/08/2026 09:39
f557b056-7a2a-415f-84f0-5581cb1ef75e,aerolite.fitness,available,8.99,41.99,medium,low,8,namesilo,,,17/09/2026 13:06
2ae8569a-d4e8-4987-960e-9a163babba1d,fugly.fitness,available,3.48,54.98,medium,low,5,namecheap,,,18/08/2026 17:49
8225912a-197d-4610-bceb-42128d778654,nostril.fitness,available,8.99,41.99,high,low,7,namesilo,,,19/09/2026 12:54
19128091-33d1-4379-9d71-d2ce420e7699,ochre.fitness,available,3.48,54.98,high,low,5,namecheap,,,04/09/2026 00:33
14cfea28-462b-479a-9b9b-2d6377dc1c72,voiceless.fitness,available,3.48,54.98,medium,low,9,namecheap,,,05/08/2026 23:23
8920ad8d-a6c5-4316-b1ee-636944e0fc24,upstanding.fitness,available,3.48,54.98,high,low,10,namecheap,,,12/09/2026 23:22
1310d675-d632-4d3d-9cba-868615e16185,refuge.fitness,available,3.48,54.98,high,low,6,namecheap,,,20/09/2026 18:32
2d96ec4d-b757-4442-9718-6e7539cf9866,independence.fitness,premium,102.67,102.67,high,low,12,spaceship,,,28/09/2026 11:42
646911fa-a21f-49ab-bac9-b98bee78599c,mesic.fitness,available,3.48,54.98,medium,low,5,namecheap,,,24/08/2026 21:11
e87a5c0a-373a-4ebc-b0a4-ed328b40efc5,dormitory.fitness,available,5.66,33.47,high,low,9,porkbun,,,29/09/2026 12:05
929e9654-ee4f-454c-9739-80548ab3c747,violated.fitness,available,8.99,41.99,medium,low,8,namesilo,,,27/09/2026 07:04
5b62cc36-3890-4322-8257-48fa652f23b7,drugs.fitness,available,8.99,41.99,medium,low,5,namesilo,,,25/09/2026 16:42
8d0b9f96-0cb7-4ac1-884f-22a3e0749a2a,reborn.fitness,resell,,,high,low,6,"Spaceship, Inc.",10/08/2026 18:04,10/08/2027 18:04,26/09/2026 08:31
979b0086-5dc4-4c91-8406-aaab982c3e9f,late.fitness,available,3.48,54.98,high,low,4,namecheap,,,22/09/2026 19:16
52a10e15-68b6-45d8-a3a5-1996fd8f9f3c,ronald.fitness,available,2.79,33.32,high,low,6,spaceship,,,28/09/2026 11:51
b4b575f9-cf91-4ebb-824a-e9647aea4666,taleteller.fitness,available,3.48,54.98,medium,low,10,namecheap,,,11/09/2026 10:32
6c508d4d-7ee3-4de5-b554-7aa8efe6d95e,nat.fitness,premium,38.94,38.94,high,low,3,namesilo,,,28/09/2026 15:51
ed7d1245-7796-4c61-8713-329563a6e1bf,bulging.fitness,available,3.48,54.98,medium,low,7,namecheap,,,09/08/2026 13:41
60aedabd-882f-47a3-ae9f-b1fad3cb5c60,avalanche.fitness,available,8.99,41.99,high,low,9,namesilo,,,21/09/2026 08:38
ea04f140-20fa-480d-95b1-4a58f4973a96,sadie.fitness,available,2.79,33.32,medium,low,5,spaceship,,,28/09/2026 16:29
c1e85cb6-21bd-4b5d-8716-08a024a9bb0f,strenuous.fitness,available,3.48,54.98,high,low,9,namecheap,,,10/09/2026 21:45
23c52508-c514-4003-952f-29f1c35f4377,untapped.fitness,available,3.48,54.98,medium,low,8,namecheap,,,12/09/2026 21:02
610564dc-6869-4449-8e81-093b8665a5f2,scar.fitness,available,3.48,54.98,high,low,4,namecheap,,,24/09/2026 15:00
3de5e7a9-5332-4fa8-bd00-9b0eab875ee7,divert.fitness,available,8.99,41.99,high,low,6,namesilo,,,24/09/2026 07:57
7c938e86-2375-4b9c-b33e-83e24739c891,womb.fitness,available,2.79,33.32,high,low,4,spaceship,,,28/09/2026 20:42
21c9df88-f81f-4e6e-a612-ff8ae427e426,glamorgan.fitness,available,8.5,,medium,low,9,unstoppable,,,29/09/2026 21:59
5aece4df-f3e1-460d-96ce-4e7b4532bf78,generation.fitness,resell,,,high,low,10,"Sav.com, LLC - 14",26/08/2026 15:16,26/08/2027 15:16,26/09/2026 06:21
d04b2020-c6a0-4e94-900f-a34aaca33239,kanaf.fitness,available,8.99,41.99,medium,low,5,namesilo,,,23/09/2026 16:56
9d221a4e-4f0a-4fb7-8edd-efcc23712206,rings.fitness,available,3.48,54.98,high,low,5,namecheap,,,25/09/2026 10:24
41013f78-a901-4130-b091-c4eea18d395f,hiemal.fitness,available,3.48,54.98,medium,low,6,namecheap,,,11/08/2026 06:40
59a71fcc-2c3b-4250-be7f-b376bc48bd60,lori.fitness,available,2.79,33.32,medium,low,4,spaceship,,,28/09/2026 12:05
b81a6e56-d046-4a51-a1e7-ff1e76be263e,referring.fitness,available,3.48,54.98,high,low,9,namecheap,,,28/09/2026 03:35
a8bc3f37-46a3-4f00-a847-40a333bc60c4,admire.fitness,available,8.99,41.99,high,low,6,namesilo,,,28/09/2026 03:18
10b8d323-0174-4697-9521-ab3689c2d2eb,soapy.fitness,available,3.48,54.98,medium,low,5,namecheap,,,11/08/2026 11:48
88723fbf-dd3e-4e99-8417-f82d280c1551,preferably.fitness,available,3.48,54.98,medium,low,10,namecheap,,,15/09/2026 21:14
9843ca62-ed45-40a2-beef-ac6692ec1d0f,abenaki.fitness,available,3.48,54.98,high,low,7,namecheap,,,
835008dc-2b92-46d9-8f5d-b36cf236ceec,briss.fitness,available,8.99,41.99,medium,low,5,namesilo,,,23/09/2026 09:30
5a18b444-94ff-4e66-b806-923e428d96c7,renascent.fitness,available,3.48,54.98,high,low,9,namecheap,,,09/09/2026 13:55
ad8cdcc6-8169-4963-a247-b9c11b536b00,meanly.fitness,available,3.48,54.98,medium,low,6,namecheap,,,13/09/2026 23:32
907e8b44-220d-4d80-8600-9415cb0c2801,pods.fitness,available,8.5,,medium,low,4,unstoppable,,,30/09/2026 00:30
32922625-3ed8-495e-ba0a-25e4d2be87ad,freshman.fitness,available,3.48,54.98,high,low,8,namecheap,,,18/08/2026 05:23
b99b1bc2-03eb-4d25-b447-981ce183858a,fag.fitness,premium,78.54,78.54,high,low,3,namesilo,,,09/09/2026 08:03
7d6e13e4-c677-4c69-9722-ac63e18aa418,erik.fitness,available,3.48,54.98,high,low,4,namecheap,,,25/09/2026 14:19
11012c11-1c9c-4fa9-a819-afcd6a5c213f,loyal.fitness,available,8.99,41.99,high,low,5,namesilo,,,25/09/2026 15:30
97b81f00-a0c0-43d4-b9cb-e59fd71bf506,october.fitness,available,2.79,33.32,high,low,7,spaceship,,,28/09/2026 02:51
dfa4f340-3773-46c8-8ef2-52e9618c1c07,scots.fitness,available,3.48,54.98,high,low,5,namecheap,,,09/09/2026 23:33
efab9aaf-fbfa-4aec-897f-10c9f03185ec,livermore.fitness,available,8.99,41.99,medium,low,9,namesilo,,,28/09/2026 10:16
736aeef9-afc4-4053-9cc3-7296a1eb8a91,amenities.fitness,available,3.48,54.98,high,low,9,namecheap,,,18/09/2026 18:52
d5f5a5b8-192e-45f4-9167-93e8f5a4c48f,parkin.fitness,available,8.99,41.99,medium,low,7,namesilo,,,17/09/2026 01:13
ce3675cf-c202-4bf0-8582-0537f04dbe43,recognized.fitness,available,8.99,41.99,high,low,10,namesilo,,,21/09/2026 15:28
795ac4ca-d09d-455a-9afd-9ddc8d6905de,anasa.fitness,available,8.99,41.99,medium,low,5,namesilo,,,19/09/2026 03:09
4911fac3-98cd-48fe-b407-b250de29e0a4,agonist.fitness,available,3.48,54.98,medium,low,7,namecheap,,,17/09/2026 18:56
85e1df5a-c150-4c5d-ac26-5616f5170e38,tasman.fitness,available,8.99,41.99,medium,low,6,namesilo,,,16/09/2026 14:58
fb194421-1d6f-4d9b-a196-3ae5655d1c43,backup.fitness,available,8.99,41.99,high,low,6,namesilo,,,28/09/2026 06:59
d0b28fb1-e546-4418-b07d-60d52b289f88,robson.fitness,available,2.79,33.32,high,low,6,spaceship,,,28/09/2026 08:01
c0c60220-1f03-4789-8165-3d919b0812c1,discourse.fitness,available,8.99,41.99,high,low,9,namesilo,,,23/09/2026 22:52
40aae440-3ca8-435b-98b0-83282c8f95ae,cognizant.fitness,available,3.48,54.98,high,low,9,namecheap,,,08/08/2026 00:13
566a7c7c-8050-4b00-9f63-6923be2b3b03,barcelona.fitness,premium,38.94,38.94,high,low,9,namesilo,,,22/09/2026 05:08
76871a73-733e-4005-8752-d03735734fc5,shocked.fitness,available,3.48,54.98,high,low,7,namecheap,,,
ce0bde18-050f-437b-b053-55af76885191,thorium.fitness,available,8.99,41.99,high,low,7,namesilo,,,21/09/2026 00:04
260adf03-da94-4891-ac90-c563072ddd85,pillowcases.fitness,available,8.99,41.99,medium,low,12,namesilo,,,21/09/2026 01:49
ff17712b-1885-4532-86ec-70e854160841,drummer.fitness,available,8.99,41.99,medium,low,7,namesilo,,,28/09/2026 09:32
04c9a960-dfde-4c12-a152-829cde69ee13,karin.fitness,available,2.79,33.32,medium,low,5,spaceship,,,29/09/2026 04:04
0d312fb7-fe2a-4388-aea7-d4f5e9686120,dim.fitness,premium,78.54,78.54,high,low,3,namesilo,,,10/08/2026 13:58
2b7dc870-0c0e-4e1d-a6f0-e120410526f7,fooled.fitness,available,32.2,32.2,low,low,6,cloudflare,,,29/09/2026 04:52
e3028082-bed3-4866-9085-ec5d5c49be3b,timber.fitness,available,2.79,33.32,high,low,6,spaceship,,,28/09/2026 19:46
638d4775-ebc5-4c0a-af10-94105a7b67f3,electron.fitness,available,5.66,33.47,high,low,8,porkbun,,,29/09/2026 18:44
df952100-9714-4a7e-9b80-cb142e21123b,mid.fitness,premium,78.54,78.54,high,low,3,namesilo,,,
e236cf34-982d-4fad-8ade-e00cfdd5ce46,hurting.fitness,available,2.79,33.32,high,low,7,spaceship,,,27/09/2026 14:14
ba67780e-4df7-407b-aeca-a5cb8d5c5b7f,kvetch.fitness,available,3.48,54.98,medium,low,6,namecheap,,,08/09/2026 20:36
5baeab5f-8e58-463e-ab8d-63766eec0fde,grading.fitness,available,32.2,32.2,high,low,7,cloudflare,,,30/09/2026 01:47
2ba99e35-46b3-4f51-b419-4fa23a6b5127,wand.fitness,available,8.99,41.99,high,low,4,namesilo,,,22/09/2026 14:13
76775258-41ed-4d75-89bf-7bb99c895e40,beater.fitness,available,3.48,54.98,high,low,6,namecheap,,,22/09/2026 21:38
86d5771a-bd81-4e5b-ba08-82d010a15656,aboriginal.fitness,available,3.48,54.98,high,low,10,namecheap,,,
31732b67-5c37-4c97-b8ad-e20995c51909,wind.fitness,available,8.5,,high,low,4,unstoppable,,,28/09/2026 10:39
48d32911-cf73-4366-a5f1-a3fa1a3f6f05,born.fitness,available,8.99,41.99,high,low,4,namesilo,,,23/09/2026 00:37
03c86ed9-a8f4-4af1-97bf-8aadaf87d7e0,clack.fitness,available,8.99,41.99,medium,low,5,namesilo,,,23/09/2026 23:30
728cdb25-cc55-4c2a-80d9-24d080c82afc,thulium.fitness,available,8.99,41.99,medium,low,7,namesilo,,,20/09/2026 23:37
e8cc6d24-b024-482f-b02d-b600feec13f4,elated.fitness,available,3.48,54.98,high,low,6,namecheap,,,16/08/2026 00:44
8c1805ea-2e83-48bf-8cb6-5d88026c2f3c,supporting.fitness,available,8.99,41.99,high,low,10,namesilo,,,28/09/2026 02:02
970d7783-f200-4db5-bf36-f7335a0be2e2,undone.fitness,available,3.48,54.98,medium,low,6,namecheap,,,11/09/2026 01:55
a8c2dfd0-068f-4cbc-b827-415bff8d70d3,oxidized.fitness,available,3.48,54.98,high,low,8,namecheap,,,04/09/2026 22:25
4061e476-c819-421a-a3ac-12196c2ad1db,incorporated.fitness,available,32.2,32.2,medium,low,12,cloudflare,,,28/09/2026 22:28
9b19b5b2-4e1c-4ee5-8f00-1074b802df4e,rap.fitness,premium,78.54,78.54,high,low,3,namesilo,,,08/09/2026 10:15
7fbd2bca-44f4-4160-aed5-214dfeabb8a2,urges.fitness,available,8.99,41.99,medium,low,5,namesilo,,,16/09/2026 09:15
51ad0269-03b2-4657-8bd2-4fa05d0e2a84,debasement.fitness,available,8.99,41.99,medium,low,10,namesilo,,,17/09/2026 10:16
e41f2766-89d3-432b-a2f1-62375f479f2d,skittish.fitness,available,3.48,54.98,medium,low,8,namecheap,,,10/09/2026 09:48
64c556c0-c65d-4a14-8d6e-8876987c482d,moonless.fitness,available,3.48,54.98,medium,low,8,namecheap,,,25/08/2026 05:54
cbe8aa19-aac5-4b16-bf19-c7c5725bfd34,mauldin.fitness,available,8.99,41.99,medium,low,7,namesilo,,,23/09/2026 16:01
a1840339-6ae8-458b-9049-610ba8b85ebe,aniseed.fitness,available,8.99,41.99,high,low,7,namesilo,,,19/09/2026 09:27
981bf8c4-c4e5-4c04-b335-0dd30519ee61,dozy.fitness,available,3.48,54.98,medium,low,4,namecheap,,,14/08/2026 18:06
25511376-bad4-4152-80c3-822752f0c037,xiang.fitness,available,2.79,33.32,high,low,5,spaceship,,,29/09/2026 22:18
954410e1-2687-4d8a-b47d-2e057fc5857d,bountiful.fitness,available,3.48,54.98,high,low,9,namecheap,,,09/08/2026 20:52
8b0281bf-096b-499f-ae7a-c5cae784f1c1,squalls.fitness,available,8.99,41.99,low,low,7,namesilo,,,20/09/2026 14:16
70a74ffb-541e-47f3-9387-7a8925e50f99,propaganda.fitness,available,2.79,33.32,high,low,10,spaceship,,,28/09/2026 15:08
ab90f044-398e-492a-b490-8aa3d49f6f05,gladys.fitness,available,8.99,41.99,medium,low,6,namesilo,,,26/09/2026 03:41
9ab56877-3e74-4144-a1db-e411b45f2b44,banded.fitness,available,3.48,54.98,medium,low,6,namecheap,,,08/08/2026 11:40
7d33b57a-3221-4496-95cb-6163f1ee58cd,licit.fitness,available,3.48,54.98,medium,low,5,namecheap,,,23/08/2026 00:58
e1d12194-710a-454d-9684-c5c88341f448,humanistic.fitness,available,3.48,54.98,high,low,10,namecheap,,,21/08/2026 14:53
93952b47-e67f-4b51-bb00-31871114ad62,temporary.fitness,available,8.99,41.99,high,low,9,namesilo,,,25/09/2026 07:53
e40c249b-1f89-4a51-b2a4-d8713251af23,hierarchic.fitness,available,3.48,54.98,medium,low,10,namecheap,,,21/08/2026 08:20
aedfec77-a079-4ca7-bc86-cc68e028e137,chew.fitness,available,8.5,,high,low,4,unstoppable,,,29/09/2026 08:20
56607761-fca7-4f02-be5f-f6b5f69f50d8,laboratory.fitness,available,2.79,33.32,high,low,10,spaceship,,,28/09/2026 06:20
93ca1123-2903-4d63-89bc-1429be63cbdb,periods.fitness,available,2.79,33.32,medium,low,7,spaceship,,,28/09/2026 18:01
9ad1b948-5a91-42d8-9a9c-339d41f21426,fireman.fitness,available,8.99,41.99,high,low,7,namesilo,,,29/09/2026 06:56
9d22375f-ecea-4a3d-91cf-ca9ac6167c98,ambystoma.fitness,available,8.99,41.99,medium,low,9,namesilo,,,18/09/2026 17:36
d9dbe354-0007-446b-b0de-cd947862e522,broadcast.fitness,available,8.5,41.99,high,low,9,unstoppable,,,28/09/2026 03:17
e3330e3b-159a-420d-8cc9-e4ca927498c2,colonel.fitness,available,8.99,41.99,high,low,7,namesilo,,,27/09/2026 03:33
1de381aa-94b3-426e-9e73-2afc417c906c,ixc.fitness,available,3.48,54.98,medium,low,3,namecheap,,,
33d3c11e-dd4e-4a1d-9513-64a0fae322fd,sensibly.fitness,available,3.48,54.98,medium,low,8,namecheap,,,16/09/2026 00:35
19ebe0d3-93d7-4321-956a-9654537898e6,bleeding.fitness,available,8.99,41.99,high,low,8,namesilo,,,24/09/2026 05:28
ff60c496-7f2f-4c45-8327-f693852f8f42,cynical.fitness,available,9.99,52.99,high,low,7,name.com,,,13/08/2026 13:59
266a1c31-e5a8-41bb-9088-b1d6861825de,risk.fitness,available,3.48,54.98,high,low,4,namecheap,,,08/09/2026 12:49
a93f77f4-b528-44c4-9ccb-cd325d2203e3,montfort.fitness,available,3.48,54.98,high,low,8,namecheap,,,30/09/2026 01:27
0413e53e-b267-423b-9040-da9eec7ca64a,truffle.fitness,available,8.99,41.99,high,low,7,namesilo,,,29/09/2026 08:50
53df958b-3623-4a1b-830d-2f9e1e7730d7,girlish.fitness,available,3.48,54.98,high,low,7,namecheap,,,18/08/2026 23:59
c9976110-0083-41bd-9dad-696641852e9a,armiger.fitness,available,8.99,41.99,medium,low,7,namesilo,,,20/09/2026 06:59
8b5c6af6-30c0-49bb-a4eb-45db5d1842bd,screams.fitness,available,8.99,41.99,medium,low,7,namesilo,,,28/09/2026 00:29
852cd89c-3593-466b-b2d7-36552573b2b5,adoption.fitness,available,8.99,41.99,high,low,8,namesilo,,,17/09/2026 09:43
a4c1d9a6-8d42-4223-9f3e-122896716a7c,alcides.fitness,available,3.48,54.98,high,low,7,namecheap,,,18/09/2026 04:05
6b1da068-6043-4308-b283-bafb5a921252,curfew.fitness,available,3.48,54.98,high,low,6,namecheap,,,24/09/2026 20:27
e04074ff-52f3-4cfd-afa0-41755ea7cb76,nes.fitness,available,8.5,,high,low,3,unstoppable,,,28/09/2026 03:45
e0d2eca3-f9b7-45cc-96ad-4db1096bfd43,scranton.fitness,available,8.99,41.99,medium,low,8,namesilo,,,26/09/2026 00:14
16efe91b-d25e-4537-ae02-ac1ad21ab57a,executable.fitness,available,3.48,54.98,high,low,10,namecheap,,,17/08/2026 16:50
999aad9c-2c75-4942-a8ca-4ff3ee70a14d,panadol.fitness,available,8.99,41.99,high,low,7,namesilo,,,16/09/2026 23:53
c8fc3b6a-c8f2-42f6-b5e5-9d6d72caa025,collections.fitness,available,8.99,41.99,medium,low,11,namesilo,,,17/09/2026 22:06
6ad3703f-e538-4a6f-8c1f-90fecbcf0c3e,murmuring.fitness,available,3.48,54.98,high,low,9,namecheap,,,03/09/2026 11:06
474db397-e095-4293-a87b-d4d8bc54e966,drought.fitness,available,8.99,41.99,medium,low,7,namesilo,,,29/09/2026 12:05
c0cacb58-5a29-4a20-a8ac-a02e93f1c485,populated.fitness,available,3.48,54.98,high,low,9,namecheap,,,08/09/2026 23:55
6bfa1f9b-770a-49d1-a5c9-694bae89349a,crackpot.fitness,available,3.48,54.98,medium,low,8,namecheap,,,10/09/2026 00:10
6354d820-0b3b-44f9-8ebe-9d7a08a10828,acousma.fitness,available,8.99,41.99,medium,low,7,namesilo,,,17/09/2026 02:29
87e15151-88c7-4948-99c2-aa26e22d91ea,trice.fitness,available,3.48,54.98,medium,low,5,namecheap,,,22/08/2026 07:32
1497d0ec-abcb-4048-b63b-b564d79c21f6,athenian.fitness,available,3.48,54.98,medium,low,8,namecheap,,,07/08/2026 13:08
e7591d37-8323-4632-8f0c-4768b13827ab,playfully.fitness,available,3.48,54.98,high,low,9,namecheap,,,15/09/2026 20:25
34798398-2f46-47c9-83fb-93c53fd563e7,olson.fitness,available,8.99,41.99,medium,low,5,namesilo,,,27/09/2026 01:46
bb8a4b67-72e1-4cba-a784-6ba90cdde72a,unranked.fitness,available,3.48,54.98,medium,low,8,namecheap,,,12/09/2026 17:44
a31057f8-98f8-4e0e-8d51-aac1e0268a1d,blacktail.fitness,available,8.99,41.99,medium,low,9,namesilo,,,23/09/2026 23:51
3f154e10-15d9-481d-a4ef-86efce52205c,indate.fitness,available,9.99,,medium,low,7,name.com,,,
3c1147ba-92c7-43a2-9a70-2c38b1ea0a79,dipper.fitness,available,3.48,54.98,high,low,6,namecheap,,,23/09/2026 14:29
7fb5b537-a269-471e-8131-bf01e99c24ba,atoll.fitness,available,8.99,41.99,high,low,5,namesilo,,,20/09/2026 21:52
dc3ba9e2-7608-4472-af57-8a204817629f,palermo.fitness,available,2.79,33.32,high,low,7,spaceship,,,27/09/2026 15:11
f919825e-f7d3-474a-97a0-cb855266e5f1,contemplation.fitness,available,3.48,54.98,high,low,13,namecheap,,,16/09/2026 21:40
ef50776d-90b6-427f-ac57-64c4e75e6459,superable.fitness,available,3.48,54.98,medium,low,9,namecheap,,,11/09/2026 02:14
b727622f-dda4-4ea8-a867-720a41fb5a59,firework.fitness,available,3.48,54.98,high,low,8,namecheap,,,09/09/2026 07:10
fa4c4f47-ebc3-42b2-985b-ca845b071e29,claws.fitness,available,8.99,41.99,medium,low,5,namesilo,,,28/09/2026 17:19
78c5fb83-7435-4b84-b631-dac5989c3d25,collecting.fitness,available,8.99,41.99,high,low,10,namesilo,,,20/09/2026 16:02
a1843ea0-b86f-4c94-b991-c229af59531d,actuary.fitness,available,8.99,41.99,high,low,7,namesilo,,,17/09/2026 05:21
53ae600c-3de7-466d-b18e-465b4ff70a50,mixing.fitness,available,8.5,,high,low,6,unstoppable,,,29/09/2026 10:24
26500736-f918-43b3-8480-f138a9dc2ac9,washer.fitness,available,8.99,41.99,medium,low,6,namesilo,,,21/09/2026 06:54
6318f47e-26bf-44b4-b59c-28752530ac3d,qin.fitness,available,2.79,33.32,medium,low,3,spaceship,,,28/09/2026 13:41
efbd9365-83c9-4ac5-9514-695f6c3f59ae,deftly.fitness,available,3.48,54.98,high,low,6,namecheap,,,14/09/2026 11:20
72546cbc-40ba-44f1-8193-b522d2fa8d54,lumbar.fitness,available,3.48,54.98,high,low,6,namecheap,,,24/08/2026 11:06
0b6fb560-2ba7-4dfc-94cb-434c052b6599,evasion.fitness,available,32.2,32.2,high,low,7,cloudflare,,,29/09/2026 18:40
443c15bd-3e03-40bb-9ee7-12541b81d3d9,needfully.fitness,available,3.48,54.98,medium,low,9,namecheap,,,15/09/2026 16:20
5782e11b-9ec6-4128-9c1a-867fed9336b8,agonus.fitness,available,3.48,54.98,medium,low,6,namecheap,,,17/09/2026 18:59
49bb9527-559c-4b3e-81b8-63ec87686776,scratchy.fitness,available,3.48,54.98,medium,low,8,namecheap,,,
3c4f1b61-3db6-44dc-967a-3d0c4c62d203,waving.fitness,available,8.99,41.99,high,low,6,namesilo,,,28/09/2026 15:32
b29972ad-85f9-4d29-b3ac-ba153ce327c4,replacement.fitness,available,9.99,,high,low,11,name.com,,,
e0138327-bcd7-4f7e-b13c-ec0d67f9c489,boris.fitness,available,3.48,54.98,high,low,5,namecheap,,,25/09/2026 20:39
f9888138-a8bf-4152-8fc4-96e0cb0af9e9,rejected.fitness,available,8.99,41.99,medium,low,8,namesilo,,,25/09/2026 11:50
c70145f5-499f-4e80-864e-6140cb8c0bcf,apish.fitness,available,3.48,54.98,medium,low,5,namecheap,,,06/08/2026 00:12
ac4146ba-b28d-4395-9e81-758407d7c9d4,oysters.fitness,available,8.99,41.99,medium,low,7,namesilo,,,20/09/2026 03:31
73aaab12-80bf-4409-97c2-b9683b019d71,meddle.fitness,available,9.99,,medium,low,6,name.com,,,
9b24490a-061d-4e74-9f57-ee65d984e5d7,waiter.fitness,available,9.99,,high,low,6,name.com,,,
7747b056-b34b-437a-9e04-f0e593cdb045,continuing.fitness,available,8.99,41.99,high,low,10,namesilo,,,23/09/2026 22:17
04fdb3d5-e421-40e4-9f47-f937f7da9c20,practices.fitness,available,3.48,54.98,medium,low,9,namecheap,,,16/09/2026 19:21
a598d608-744a-475a-abf8-612fe879ddf9,lambent.fitness,available,3.48,54.98,medium,low,7,namecheap,,,
37f1caa9-fb62-4303-9278-97efaffaaaf4,amaterasu.fitness,available,8.99,41.99,medium,low,9,namesilo,,,18/09/2026 16:05
a654023e-7d43-488d-963d-99bd69b799c6,examining.fitness,available,2.79,33.32,high,low,9,spaceship,,,29/09/2026 08:41
ea7b1303-b1e4-4700-95af-650098264597,parody.fitness,available,8.99,41.99,high,low,6,namesilo,,,23/09/2026 11:34
da215f6d-ef0a-4750-89e2-da852d4073d2,rethink.fitness,premium,78.54,78.54,high,low,7,namesilo,,,17/09/2026 15:53
2ae20677-4e7f-41cf-8a37-09d6a665a997,spheric.fitness,available,3.48,54.98,medium,low,7,namecheap,,,08/08/2026 10:16
23a9cc2c-c016-4c92-a98e-f2fa2c89cc26,isomers.fitness,available,8.5,,medium,low,7,unstoppable,,,29/09/2026 11:02
49459b6c-d12c-4879-8818-bd196f13b187,wales.fitness,premium,68.51,68.51,high,low,5,spaceship,,,29/09/2026 06:12
7c05e6c3-cdda-41a1-ae2f-9b39893518fb,chamfer.fitness,available,8.99,41.99,medium,low,7,namesilo,,,23/09/2026 12:00
7b2df15e-a575-4763-a006-022f687bb877,skirt.fitness,available,2.79,33.32,high,low,5,spaceship,,,29/09/2026 03:43
5db71151-d6e5-418a-88fa-413026dc2cb9,aragonite.fitness,available,8.99,41.99,medium,low,9,namesilo,,,19/09/2026 23:43
6d052469-31ca-4526-99dd-73619e5e1b95,runyon.fitness,available,8.99,41.99,medium,low,6,namesilo,,,18/09/2026 06:27
642bfcb4-8109-48b0-8ba9-2a8be662fb7f,unwritten.fitness,available,3.48,54.98,high,low,9,namecheap,,,04/09/2026 17:17
77ad0427-7dd4-4b01-8fe2-4d8b18f5764d,rhythmical.fitness,available,3.48,54.98,high,low,10,namecheap,,,09/09/2026 17:05
d2a23ebc-3953-4c1e-90d1-96b6653975fb,impolite.fitness,available,3.48,54.98,medium,low,8,namecheap,,,21/08/2026 22:43
ffcba23b-f175-44c5-9144-f044cd17ea4f,trying.fitness,available,3.48,54.98,high,low,6,namecheap,,,03/09/2026 15:44
af974bf4-0437-40b5-a8c3-8b0bd59ea102,indigen.fitness,available,3.48,54.98,medium,low,7,namecheap,,,03/09/2026 13:47
dbb3fb6d-0eb3-4915-9da7-cec0a1a6c0c8,sycamore.fitness,available,3.48,54.98,high,low,8,namecheap,,,16/09/2026 23:36
33350b6b-d3ca-4a4f-8fbc-5857314a8351,thunderous.fitness,available,9.99,52.99,medium,low,10,name.com,,,13/08/2026 19:56
cb907ce5-824f-4d95-9f03-5a7d6d41ec43,lewdly.fitness,available,3.48,54.98,low,low,6,namecheap,,,15/09/2026 11:12
f413ded6-8642-4626-bbc2-520dc1d5e222,inherently.fitness,available,3.48,54.98,medium,low,10,namecheap,,,15/09/2026 08:20
8947f349-ce74-4e91-8c99-aff8eb59c0d7,houses.fitness,available,3.48,54.98,high,low,6,namecheap,,,17/09/2026 21:10
cd095e0a-36f4-4e1a-bdef-1b662368edf6,trusts.fitness,available,5.57,34.46,medium,low,6,dynadot,,,28/09/2026 18:18
85c29dbe-53c5-47fd-ae12-3c80e5468aa2,lungs.fitness,available,8.99,41.99,medium,low,5,namesilo,,,27/09/2026 02:43
d073573c-5d2b-44af-be51-23266bf2a564,banquette.fitness,available,8.99,41.99,medium,low,9,namesilo,,,22/09/2026 03:08
f1c974d1-f155-47a5-8d52-764a2b105271,rub.fitness,premium,,,high,low,3,,,,28/09/2026 10:09
a166354b-607d-4cfa-a731-ce619dc24c26,tuppeny.fitness,available,3.48,54.98,medium,low,7,namecheap,,,10/09/2026 09:12
0f428bf5-3e52-4106-a786-d108ad0fff2a,willard.fitness,available,3.48,54.98,medium,low,7,namecheap,,,25/09/2026 05:33
3bb761bb-d7ad-464b-840e-80987dd7ad25,armilla.fitness,available,8.99,41.99,medium,low,7,namesilo,,,20/09/2026 07:02
076b21a9-cbd5-48b1-b0da-3a80c0dd441e,thalassic.fitness,available,3.48,54.98,medium,low,9,namecheap,,,11/09/2026 12:22
f2a19af2-5aff-4f43-b59e-3b138c4179df,revocation.fitness,available,9.99,52.99,medium,low,10,name.com,,,19/09/2026 11:02
9f01a75b-a8e5-4a01-958a-2710842b347d,appreciate.fitness,available,8.99,41.99,high,low,10,namesilo,,,27/09/2026 06:44
b7dd5be5-13ba-4d33-9b37-76f84ab36752,cabbage.fitness,available,8.99,41.99,high,low,7,namesilo,,,29/09/2026 03:24
11a1bcfd-d347-4640-838d-0cfb38e3604f,organiser.fitness,available,8.99,41.99,high,low,9,namesilo,,,20/09/2026 08:46
a04eafb4-141d-4e3c-b8ed-97dae7da0f22,amends.fitness,available,8.99,41.99,high,low,6,namesilo,,,18/09/2026 18:41
5b08430a-ea3c-4aca-aedd-6a7367d0bc70,timetable.fitness,available,32.2,32.2,high,low,9,cloudflare,,,28/09/2026 20:39
4bba0402-342c-4d03-a5d7-3cf858f17a2f,watchful.fitness,available,3.48,54.98,high,low,8,namecheap,,,
f229b23d-72b7-423b-9589-609f63d83b14,chagrined.fitness,available,3.48,54.98,medium,low,9,namecheap,,,
3758b1eb-3bae-4477-9a1a-ebd51216bb6c,ascendence.fitness,available,8.99,41.99,high,low,10,namesilo,,,20/09/2026 13:04
8acf1b36-6d44-4979-b98d-91a4beb58a2d,chemic.fitness,available,3.48,54.98,medium,low,6,namecheap,,,12/08/2026 04:12
7f94f9ab-a83d-49a8-bfd6-13853aa3d8da,obtained.fitness,available,9.99,,medium,low,8,name.com,,,
d3d6e06e-f470-415d-9b53-ca20655caad4,geodetic.fitness,available,3.48,54.98,medium,low,8,namecheap,,,18/08/2026 22:21
7b2ebe74-2daa-4d88-88e5-592dc638c313,unproven.fitness,available,3.48,54.98,medium,low,8,namecheap,,,12/09/2026 17:33
6a34bfe1-1af9-44ca-ad57-51c889b01016,judd.fitness,available,8.99,41.99,medium,low,4,namesilo,,,27/09/2026 07:52
94dcbf1f-e81c-4c6b-a6a3-352d4ef3220f,skipped.fitness,available,8.99,41.99,medium,low,7,namesilo,,,29/09/2026 05:58
386588ba-7dbc-463f-93e8-3ee02d49c523,beige.fitness,available,3.48,54.98,high,low,5,namecheap,,,09/08/2026 12:22
e8d371fa-4931-4b67-8e64-6851a15cbf26,miry.fitness,available,3.48,54.98,medium,low,4,namecheap,,,10/08/2026 17:05
d7a32f3d-6ad2-4aca-b7d6-edf238e1d210,probable.fitness,available,8.99,41.99,high,low,8,namesilo,,,27/09/2026 06:59
262d47f7-4f04-4c2d-b17e-40d599890f0a,reject.fitness,available,3.48,54.98,high,low,6,namecheap,,,24/09/2026 20:15
c1f33d70-8191-4b0e-91d4-59d791c1b54e,shares.fitness,available,9.99,,high,low,6,name.com,,,
5487bf17-5d99-40f3-94ab-af0fb937307e,papers.fitness,available,3.48,54.98,high,low,6,namecheap,,,24/09/2026 23:21
368cbe51-1453-4094-b065-687d27d5497e,acapulco.fitness,available,3.48,54.98,high,low,8,namecheap,,,16/09/2026 21:10
f12ca35a-a5e4-4ae5-977e-8273e9f4dc15,scathing.fitness,available,3.48,54.98,medium,low,8,namecheap,,,09/09/2026 22:57
1e248bab-a893-44e8-9e5f-0ba2076ef66a,ahl.fitness,available,8.5,,high,low,3,unstoppable,,,29/09/2026 10:25
b7f3e42f-9927-45d0-8ffd-41444312ddb2,rum.fitness,premium,78.54,78.54,high,low,3,namesilo,,,13/08/2026 11:11
73e83efa-ffa4-4e26-a9b6-594bac5b5d36,coincidence.fitness,available,2.79,33.32,high,low,11,spaceship,,,27/09/2026 21:29
78c55e35-d5ec-44e9-91b8-f13e3537361f,peyton.fitness,available,32.2,32.2,medium,low,6,cloudflare,,,28/09/2026 18:24
ed0a8885-3a4b-4452-90dc-cf63959d96c8,correctly.fitness,available,3.48,54.98,high,low,9,namecheap,,,13/09/2026 20:47
5f000d21-760c-491f-b5ca-3bd261e37c11,nora.fitness,available,8.99,41.99,high,low,4,namesilo,,,25/09/2026 14:35
ad8a3024-cf08-4619-8763-ea97c6e37de5,configured.fitness,available,3.48,54.98,high,low,10,namecheap,,,12/08/2026 20:47
30788f6d-b0ef-4fd3-94c4-2c0517c6e775,bagley.fitness,available,3.48,54.98,medium,low,6,namecheap,,,29/09/2026 22:22
2f373a76-cf24-4124-b1ad-53982626e629,imperative.fitness,available,3.48,54.98,high,low,10,namecheap,,,08/09/2026 04:44
c4662113-bd8d-4960-ad24-4a27aaa00183,painted.fitness,available,3.48,54.98,high,low,7,namecheap,,,25/09/2026 23:19
499afd6d-6671-4c0d-9139-bf9b5ab112ff,meaning.fitness,available,3.48,54.98,high,low,7,namecheap,,,25/09/2026 18:26
c057b4b4-4401-4d49-8415-9273356a579d,jockey.fitness,available,8.99,41.99,high,low,6,namesilo,,,24/09/2026 14:26
be80a1f6-d1e9-4d07-b3d0-28f7c5a1fe99,corn.fitness,available,32.2,32.2,high,low,4,cloudflare,,,29/09/2026 09:54
92e5e549-a2e1-4aea-a2d2-690d6cf03efe,elegantly.fitness,available,3.48,54.98,high,low,9,namecheap,,,14/09/2026 15:17
0c295d58-a6de-451a-b175-683108404f1c,reservoir.fitness,available,3.48,54.98,high,low,9,namecheap,,,20/09/2026 11:41
61106ad6-703a-4893-a053-196f840420c6,workout.fitness,premium,242,242,high,low,7,namesilo,,,29/09/2026 18:33
5de33d58-0303-4377-b503-fa6b3cf22d61,alacritous.fitness,available,3.48,54.98,high,low,10,namecheap,,,
f71709a7-3df7-43dc-b846-a1c6e423db35,salesman.fitness,available,3.48,54.98,high,low,8,namecheap,,,27/09/2026 15:44
f20a5f33-9389-492f-80a8-bf69ba1ec388,sack.fitness,available,3.48,54.98,high,low,4,namecheap,,,03/09/2026 15:56
4b363586-16e6-46f2-a4fc-953b2c1c13d7,pout.fitness,available,3.48,54.98,high,low,4,namecheap,,,18/09/2026 18:12
e69616d2-4806-4e55-8901-5e5543e782b0,geniality.fitness,available,3.48,54.98,high,low,9,namecheap,,,17/09/2026 14:00
a28e7c24-8bc8-4c4c-9564-10356c3a225a,leaning.fitness,available,3.48,54.98,high,low,7,namecheap,,,07/08/2026 13:24
c96b7292-808a-4241-8312-7b1014037149,deceitful.fitness,available,3.48,54.98,medium,low,9,namecheap,,,13/08/2026 21:06
23bbf805-6b8c-4362-93d2-b0f2ce5348c8,suspicious.fitness,available,3.48,54.98,medium,low,10,namecheap,,,22/08/2026 22:28
8e120cdc-2eb7-4e2b-a805-8e2269a1e636,aggregate.fitness,available,3.48,54.98,high,low,9,namecheap,,,
453652bb-1b6a-4db3-a87b-486fd946e299,refugees.fitness,available,8.5,,low,low,8,unstoppable,,,29/09/2026 05:48
589fc030-362d-4b1f-bda6-880932bb132b,feeder.fitness,available,3.48,54.98,high,low,6,namecheap,,,12/08/2026 21:09
8706c2e8-9a9d-4938-ab3b-545db18aee6a,clinical.fitness,available,8.99,41.99,high,low,8,namesilo,,,28/09/2026 12:54
e3ef7707-05cf-48e3-94a7-e04040a355df,supernal.fitness,available,3.48,54.98,medium,low,8,namecheap,,,11/09/2026 02:23
74a287d6-9594-48b2-b8d4-38f24967de23,diseases.fitness,available,8.99,41.99,low,low,8,namesilo,,,17/09/2026 16:41
80d3ba50-d477-4346-a28c-38c24a25d3f4,fulfilling.fitness,available,32.2,32.2,high,low,10,cloudflare,,,29/09/2026 21:22
2277c606-56a1-4280-9e94-5e5393fd5ef0,alopecia.fitness,available,8.99,41.99,medium,low,8,namesilo,,,18/09/2026 13:18
289b1cd1-5e69-44bd-801b-a460b9124c8e,footballs.fitness,available,8.99,41.99,medium,low,9,namesilo,,,20/09/2026 06:56
a2642279-f096-4b6e-9ceb-79701ff94e9f,gluttonous.fitness,available,3.48,54.98,medium,low,10,namecheap,,,20/08/2026 15:32
a684e743-ad6b-455c-b2db-d75fa9d92672,telugu.fitness,available,3.48,54.98,high,low,6,namecheap,,,29/09/2026 20:30
95c976b3-722b-47e6-b89a-ddbefd75dded,believable.fitness,available,3.48,54.98,medium,low,10,namecheap,,,09/08/2026 13:01
c95ec088-9ab2-49c6-8f3d-f7cb33a021d0,corbin.fitness,available,8.99,41.99,high,low,6,namesilo,,,28/09/2026 07:42
c76c027f-e4d7-42d1-a3c1-d95c68538e95,disaster.fitness,available,8.99,41.99,high,low,8,namesilo,,,24/09/2026 11:38
77ee1aed-c385-4845-8351-3e3f61d031ac,homosexuality.fitness,available,2.79,33.32,medium,low,13,spaceship,,,29/09/2026 10:16
df1a0eaf-5f81-41b7-aa6f-873705cdf51c,hackneyed.fitness,available,3.48,54.98,medium,low,9,namecheap,,,08/08/2026 10:56
ba2d8280-bc01-4862-a76c-bd7ff3db3153,burns.fitness,available,8.99,41.99,high,low,5,namesilo,,,25/09/2026 03:46
2af2e29d-32e4-448b-95c7-8c2acbf19780,troika.fitness,available,3.48,54.98,high,low,6,namecheap,,,
2251190a-ec14-46b3-bbf7-c1b64c195a16,acinonyx.fitness,available,8.99,41.99,medium,low,8,namesilo,,,17/09/2026 01:31
5429e94d-9874-4190-a3d4-6a5c0a1a1cd3,chandler.fitness,available,32.2,32.2,high,low,8,cloudflare,,,30/09/2026 01:02
436561e8-3b71-4c9e-a559-f0075c762adc,boyfriend.fitness,available,8.99,41.99,high,low,9,namesilo,,,22/09/2026 21:55
753b7e01-ad42-4287-baac-103ce4e7290c,multiphase.fitness,available,3.48,54.98,medium,low,10,namecheap,,,03/09/2026 10:50
209ee315-3052-4a49-ad5f-d65ed9507774,placate.fitness,available,3.48,54.98,high,low,7,namecheap,,,18/08/2026 22:12
d515e8ca-925f-46ac-9ef4-997a1c81ce4f,mislaid.fitness,available,3.48,54.98,medium,low,7,namecheap,,,25/08/2026 01:30
7d780102-5b5e-412b-99d7-6121690f87fe,sandwiches.fitness,available,8.99,41.99,medium,low,10,namesilo,,,28/09/2026 13:26
46c56d9d-3ccc-4351-b611-0432d5654581,lithesome.fitness,available,3.48,54.98,high,low,9,namecheap,,,24/08/2026 01:12
0b7fb5a7-6f12-4d60-bc6f-fdc5e2cb7d17,commission.fitness,available,2.79,33.32,high,low,10,spaceship,,,29/09/2026 10:22
63829814-e00b-47f7-8f1c-9c4ef2c53a80,birthright.fitness,available,3.48,54.98,high,low,10,namecheap,,,23/09/2026 21:20
e3b47630-8c7c-4a64-bea3-ed6e68ec7ac1,wrestling.fitness,premium,118.8,118.8,high,low,9,namesilo,,,29/09/2026 21:30
e9d12eb3-514f-427c-8d2a-d5fbd2126962,covariant.fitness,available,3.48,54.98,medium,low,9,namecheap,,,13/08/2026 04:05
43093799-2d8a-47b8-b9f7-031283543c59,maude.fitness,available,8.99,41.99,medium,low,5,namesilo,,,28/09/2026 12:05
1dce09dc-6852-4d83-9ab9-981ed838f89b,basically.fitness,available,8.5,,medium,low,9,unstoppable,,,28/09/2026 13:22
5970ec7e-51b2-4033-84bd-e80bdf854fc4,veterinary.fitness,available,3.48,54.98,high,low,10,namecheap,,,13/09/2026 05:00
eebff429-83eb-4a4a-831b-7ec0d856b235,synthesized.fitness,available,3.48,54.98,medium,low,11,namecheap,,,17/09/2026 19:35
3b58e075-125a-4d3f-a98a-5512b9f30e88,weathered.fitness,available,3.48,54.98,high,low,9,namecheap,,,13/09/2026 09:21
f9e26b11-9abb-49d6-9bf1-ce1c429e463a,coequal.fitness,available,3.48,54.98,medium,low,7,namecheap,,,12/08/2026 15:22
7bd6742d-2adf-4599-b05b-9ffbaba3bf42,rickety.fitness,available,9.99,52.99,medium,low,7,name.com,,,13/08/2026 20:34
392fdaac-1e4f-4f83-befd-f184a247c692,cleveland.fitness,premium,118.8,118.8,high,low,9,namesilo,,,29/09/2026 10:02
dd0da85b-cae5-4190-af50-950034e0d34f,zambian.fitness,premium,38.94,38.94,high,low,7,namesilo,,,13/09/2026 15:05
4c53b61b-9b39-4fa0-90e6-0e36901d97e9,angel.fitness,resell,,,high,medium,5,"Sav.com, LLC - 20",14/08/2026 15:15,14/08/2027 15:15,28/09/2026 21:23
95f62b0b-051e-4937-bedf-01b6ee21596d,tanker.fitness,available,32.2,32.2,high,low,6,cloudflare,,,29/09/2026 07:46
22872833-ce02-45da-99c7-f4509356787d,irons.fitness,available,2.79,33.32,high,low,5,spaceship,,,29/09/2026 07:52
4770b651-88ef-4746-aa6e-5536e47aaaa3,hoping.fitness,available,8.99,41.99,high,low,6,namesilo,,,25/09/2026 11:50
65a99c5e-75ba-453e-af44-5813ebc41948,inhabit.fitness,available,3.48,54.98,high,low,7,namecheap,,,24/08/2026 07:51
49d95b9f-d8ad-4c03-9eaa-79269014725b,nutrient.fitness,available,3.48,54.98,high,low,8,namecheap,,,08/09/2026 11:42
a5fca582-2f9d-4f97-9a70-b94ddccc6ddf,doric.fitness,available,3.48,54.98,medium,low,5,namecheap,,,14/08/2026 16:13
7dd824f5-c3d1-4088-8d53-beeab5204193,inflected.fitness,available,3.48,54.98,high,low,9,namecheap,,,22/08/2026 04:31
1d29dd19-ff72-45e5-94f9-b2f2d6347c15,scheduled.fitness,available,8.99,41.99,high,low,9,namesilo,,,27/09/2026 18:26
97499227-f768-42a9-aa12-54373475a06f,loaded.fitness,available,,,high,low,6,,,,
59b9b0be-8544-4891-ad75-dbe75cc61142,racer.fitness,available,3.48,54.98,high,low,5,namecheap,,,21/09/2026 07:11
81bc3f0a-d009-4720-bb5c-eccd3071779b,enatic.fitness,available,3.48,54.98,medium,low,6,namecheap,,,16/08/2026 21:20
1a6e0ab6-60d0-4809-bad1-990b01d585de,rimbaud.fitness,available,8.99,41.99,medium,low,7,namesilo,,,20/09/2026 11:03
6b0df172-15c8-4958-9a59-2f1007bcfbfb,adjacency.fitness,available,8.99,41.99,high,low,9,namesilo,,,17/09/2026 08:24
50dce93f-822a-4d9f-b4d0-c49e8b5bcae0,connective.fitness,available,3.48,54.98,high,low,10,namecheap,,,12/08/2026 22:16
4a0b6146-d20c-4e4a-b1c9-dc5d0edd71a1,marlowe.fitness,available,32.2,32.2,medium,low,7,cloudflare,,,28/09/2026 18:43
044c281f-65a2-4e2b-85a2-09b3cf7d562c,platter.fitness,available,8.5,,high,low,7,unstoppable,,,29/09/2026 15:14
4597c26d-40e0-43f3-af33-d334c58e9a42,twits.fitness,available,8.99,41.99,low,low,5,namesilo,,,21/09/2026 06:16
6e515a15-71b7-4609-835a-7231323e0910,awny.fitness,available,3.48,54.98,medium,low,4,namecheap,,,08/08/2026 01:25
1313ea3b-a220-492c-bd23-87cbfdbeed33,replace.fitness,available,8.99,41.99,high,low,7,namesilo,,,28/09/2026 01:47
4fd102a6-1ad9-496c-adfc-48312d9a7929,edmunds.fitness,available,2.79,33.32,medium,low,7,spaceship,,,28/09/2026 16:36
dd9b8805-614b-4ddc-8cce-03fb0d10906c,arthritis.fitness,premium,118.8,118.8,high,low,9,namesilo,,,20/09/2026 10:37
5c167458-ebac-4b40-9533-1f768f393594,actin.fitness,available,8.99,41.99,medium,low,5,namesilo,,,17/09/2026 04:37
7a84213d-e064-47e8-ac1e-b93059481270,rash.fitness,available,3.48,54.98,medium,low,4,namecheap,,,18/08/2026 10:31
8d5e381f-5751-463f-a467-9764988c4ea7,asystole.fitness,available,3.48,54.98,medium,low,8,namecheap,,,20/09/2026 18:57
0e3b1a2a-84be-4fc4-8469-494067552720,chalmers.fitness,available,2.79,33.32,medium,low,8,spaceship,,,27/09/2026 20:38
78229e83-734d-4318-a799-e1049b1b5cf9,variables.fitness,available,9.99,,medium,low,9,name.com,,,
e5c2a3c4-1fc9-4adc-832b-025d62737617,annwn.fitness,available,8.99,41.99,medium,low,5,namesilo,,,19/09/2026 11:09
007eb175-3f4e-4909-93af-d5f4627a64c0,articulate.fitness,available,8.99,41.99,high,low,10,namesilo,,,22/09/2026 08:42
d85b8aaf-c5e7-45af-b79c-ac37c1f0d9d0,octad.fitness,available,3.48,54.98,medium,low,5,namecheap,,,
7d2667f6-e4e7-4116-a6b0-6965e180e335,battling.fitness,available,8.5,,high,low,8,unstoppable,,,29/09/2026 09:02
60b4f942-13f8-4bee-a424-065839b82e39,fever.fitness,available,8.5,,high,low,5,unstoppable,,,29/09/2026 19:05
82d70511-3662-4218-8b3a-3cf751e2d985,tangy.fitness,available,3.48,54.98,high,low,5,namecheap,,,22/08/2026 23:32
d067cda9-f532-4b56-8a76-cf7410a02653,arching.fitness,available,3.48,54.98,medium,low,7,namecheap,,,06/08/2026 14:39
035c80ef-ef08-429a-b792-023b1f3f5ac8,chatty.fitness,available,3.48,54.98,high,low,6,namecheap,,,12/08/2026 03:17
f81be5d9-8eba-44fa-87f8-643a001c5a98,montclair.fitness,available,5.57,34.46,medium,low,9,dynadot,,,29/09/2026 04:37
89cdf14f-880e-4c1f-8762-285db5f38344,zend.fitness,available,3.48,54.98,medium,low,4,namecheap,,,07/08/2026 23:12
9bb00f2d-32c4-4f66-bedf-6c4950a92334,blackjack.fitness,available,8.99,41.99,high,low,9,namesilo,,,24/09/2026 00:44
a82a63f3-d4d2-47ea-9289-8b29e30b0466,scorch.fitness,available,3.48,54.98,high,low,6,namecheap,,,10/09/2026 00:51
33c9a840-93d5-4fc1-b90b-34fdc4a95807,sketchy.fitness,available,3.48,54.98,high,low,7,namecheap,,,10/09/2026 09:18
0efd52c6-4030-4ec5-8fef-7a8953d34438,styling.fitness,available,3.48,54.98,high,low,7,namecheap,,,17/09/2026 18:14
04d8c217-2f25-4ec4-8404-91d27378df80,soph.fitness,available,3.48,54.98,medium,low,4,namecheap,,,10/09/2026 14:20
b1657246-2b02-48dd-be81-d9c3630d37cc,harmonised.fitness,available,3.48,54.98,high,low,10,namecheap,,,12/08/2026 22:52
5a7c493e-234f-4b47-8fb8-0d4ebf8c4511,thicker.fitness,available,8.5,,medium,low,7,unstoppable,,,29/09/2026 16:25
5b45150d-e937-469e-b044-d9b5a1356ab5,ishmael.fitness,available,3.48,54.98,high,low,7,namecheap,,,04/09/2026 19:10
7aabd9b2-cb95-476b-a709-e334ca165a24,outgoing.fitness,available,3.48,54.98,high,low,8,namecheap,,,18/08/2026 12:37
a7dd9f0a-4c00-4414-8a63-2e6f6ff0ee34,natalie.fitness,available,8.99,41.99,high,low,7,namesilo,,,25/09/2026 14:26
218aab25-9c5b-4540-8b56-a5c84fc671c7,altissimo.fitness,available,3.48,54.98,high,low,9,namecheap,,,
cfeb73bb-f32f-4a8d-9cc2-caed8792a0a9,courtenay.fitness,available,2.79,33.32,medium,low,9,spaceship,,,29/09/2026 22:46
3218d839-6211-47e5-b7f4-b41bd6208e11,admittance.fitness,available,8.99,41.99,high,low,10,namesilo,,,16/09/2026 22:13
9fdcb38c-0b15-4271-88ce-5d25b47b82aa,aurous.fitness,available,3.48,54.98,medium,low,6,namecheap,,,07/08/2026 17:31
7ac196ff-7695-4119-a531-5138e741682b,swallowed.fitness,available,8.99,41.99,low,low,9,namesilo,,,28/09/2026 23:16
b3cae94a-f75e-49c7-a5c8-98b68451df20,pictured.fitness,available,3.48,54.98,medium,low,8,namecheap,,,14/08/2026 02:14
cbe2254e-6a84-495a-bd05-0bb0e7a1103d,ellsworth.fitness,available,32.2,32.2,medium,low,9,cloudflare,,,27/09/2026 13:20
c5865e7d-0858-4a4f-b90d-0b600b3e5eca,hearty.fitness,available,3.48,54.98,high,low,6,namecheap,,,21/08/2026 02:13
17c009ed-be0f-4074-91d3-e11541c147be,curt.fitness,available,3.48,54.98,medium,low,4,namecheap,,,11/08/2026 07:05
d9e3438a-130e-448d-b9cb-0f74f3297033,featured.fitness,available,8.99,41.99,high,low,8,namesilo,,,24/09/2026 17:26
88cf78f9-61a9-4590-abb2-daca4a74a8b0,bandits.fitness,available,8.99,41.99,medium,low,7,namesilo,,,21/09/2026 01:18
5ca8aa3b-5827-4d5d-b385-98992c069ee1,lin.fitness,available,2.79,33.32,high,low,3,spaceship,,,28/09/2026 10:15
c53ac7e7-89d5-4730-a52f-f9079ede3b1f,outcome.fitness,available,8.99,41.99,high,low,7,namesilo,,,29/09/2026 11:10
45fdb98a-270c-43c4-ac48-3049693d30f4,magnificent.fitness,available,8.99,41.99,high,low,11,namesilo,,,25/09/2026 11:17
d3337a02-37d0-4875-b292-5e6877027bbd,fab.fitness,premium,42.9,42.9,high,low,3,namecheap,,,17/08/2026 20:08
aad9beee-6d64-482c-bd3b-e45c500c604e,blackheart.fitness,available,8.99,41.99,medium,low,10,namesilo,,,24/09/2026 02:49
215e8991-6880-43d5-bc2f-654e2a368b53,insulation.fitness,available,8.99,41.99,high,low,10,namesilo,,,30/09/2026 01:59
df5fdce9-9422-4d2f-b93d-2b5e29f93634,cleavage.fitness,available,8.99,41.99,high,low,8,namesilo,,,24/09/2026 15:29
289d1235-b28e-414c-b6f7-ba745ff7d66d,tarnish.fitness,available,3.48,54.98,medium,low,7,namecheap,,,24/08/2026 12:50
758a8fba-3569-4636-af3d-6c1181eedd37,clears.fitness,available,2.79,33.32,high,low,6,spaceship,,,29/09/2026 17:52
1f387fbf-70c8-4a3c-8eee-23af19306911,airdock.fitness,available,8.99,41.99,medium,low,7,namesilo,,,17/09/2026 23:04
60e838b7-76e7-4a24-8e2c-de59510d777d,germ.fitness,available,2.79,33.32,high,low,4,spaceship,,,29/09/2026 19:01
793a1e9c-8506-43c3-baa9-f23ccd8d1e53,fissile.fitness,available,3.48,54.98,medium,low,7,namecheap,,,18/08/2026 05:34
3545eb99-9ee8-4c5e-8738-3d4c9b67268d,crowns.fitness,available,8.99,41.99,medium,low,6,namesilo,,,18/09/2026 06:26
4d12a5ca-d358-459d-81be-749c253512fd,philatelic.fitness,available,3.48,54.98,medium,low,10,namecheap,,,08/09/2026 18:49
12095bbf-697d-4145-b146-13501dca6e75,houghton.fitness,available,8.99,41.99,medium,low,8,namesilo,,,25/09/2026 23:07
44a92546-8ab2-4fbf-b117-fc34cd217c78,forked.fitness,available,3.48,54.98,high,low,6,namecheap,,,09/08/2026 20:14
0a9660c9-4db8-4084-b755-235d04e377eb,totally.fitness,available,8.99,41.99,high,low,7,namesilo,,,22/09/2026 00:22
93152f7b-a277-4a84-8b2a-d6298cd8945a,zip.fitness,premium,118.8,118.8,high,low,3,namesilo,,,03/09/2026 22:43
4c30adfd-f186-482a-a780-1fc2c4291393,fury.fitness,available,3.48,54.98,high,low,4,namecheap,,,24/09/2026 21:41
b1c73938-cdd3-44f2-a95f-658f7a16e1c6,nurses.fitness,available,8.99,41.99,medium,low,6,namesilo,,,28/09/2026 08:12
fe0e647d-e50b-4d5e-9bf3-0fc07b8e2f55,lashings.fitness,available,3.48,54.98,high,low,8,namecheap,,,14/09/2026 23:38
e0cabae2-7566-4e49-8c76-c1eba5c3d6d9,reunion.fitness,available,9.99,,high,medium,7,name.com,,,
eeb01b5c-d025-4eac-a71c-52dec8216fae,goit.fitness,available,8.99,41.99,high,low,5,namesilo,,,17/09/2026 17:43
46a60f72-21f5-4c0f-b18e-294b207a5b6e,faded.fitness,available,8.99,41.99,high,low,5,namesilo,,,22/09/2026 11:25
b8821acd-795a-4c79-856d-489f16c34dc8,maculate.fitness,available,3.48,54.98,medium,low,8,namecheap,,,13/08/2026 23:26
eec7cd39-fbaa-4d82-9be1-5193765bc985,swept.fitness,available,3.48,54.98,high,low,5,namecheap,,,11/09/2026 05:44
ce6d6249-cb20-448b-99a7-709d87e6625f,stabile.fitness,available,3.48,54.98,medium,low,7,namecheap,,,21/08/2026 21:21
42d68216-5c40-4618-953b-3b4832b744fa,cycloidal.fitness,available,9.99,52.99,medium,low,9,name.com,,,13/08/2026 13:40